PU_ID,pcd,oseast1m,osnrth1m,msoa01,lat,long,cls_Sup,cls_Tway,cls_ConSt,cls_Spec,mean3_Sup,mean3_Tway,mean5_ConSt,Spec_ct400,mean5_Sup,mean5_Tway,ConSt_ct800,Spec_ct1600,Sup_ct400,Sup_ct800,Sup_ct1000,Sup_ct1600,Sup_ct2000,Tway_ct400,Tway_ct800,Tway_ct1000,Tway_ct1600,Tway_ct2000,mean3_ConSt,ConSt_ct400,ConSt_ct1000,ConSt_ct1600,ConSt_ct2000,mean3_Spec,mean5_Spec,Spec_ct800,Spec_ct1000,Spec_ct2000
1,BD4 0AA,419241,430948,E02002234,53.774517,-1.70953,1.0893052831965886,0.43941096936694696,0.4560394719758368,0.42871175631184566,1.296784358786177,0.4653003345333375,0.9602402976384566,0,1.296784358786177,0.550119160556646,3,14,0,0,0,2,2,0,15,22,39,45,0.580216235564124,0,3,4,5,0.5275493232334145,0.6148504811690317,5,9,14
2,BD4 0AB,419321,430957,E02002234,53.774595,-1.708316,1.0722914715691811,0.45880823881007193,0.470851356587193,0.39473629171890823,1.3284839022261625,0.48540719157790524,1.0019817033768204,1,1.3284839022261625,0.5842345061876811,3,14,0,0,0,2,2,0,14,22,39,45,0.5988164924137968,0,3,4,5,0.5283530176288811,0.6293049593074372,5,9,14
3,BD4 0AD,419412,430941,E02002234,53.774448,-1.706936,1.034379040777606,0.4719364363979539,0.4783576068173266,0.3687263755144147,1.3533299511777894,0.5290619421526173,1.038595207573411,1,1.3533299511777894,0.6186982664263632,3,13,0,0,0,1,2,0,14,18,38,44,0.6075658663057444,0,3,4,5,0.5485034335829357,0.6536619650276732,4,7,14
4,BD4 0AE,419465,431052,E02002234,53.775444,-1.706125,1.1344822607692022,0.49857095783850064,0.6009359366854341,0.246727258323839,1.4389005363454341,0.5351365117185215,1.1475386223466104,1,1.4389005363454341,0.6711332249588107,2,13,0,0,0,1,2,0,3,18,37,43,0.7300808324086159,0,3,3,5,0.5235949348468031,0.6718184087635485,2,6,14
5,BD4 0AF,419537,431030,E02002234,53.775243,-1.705034,1.1045913271432108,0.5666224492552339,0.6111824604813199,0.2585055898815344,1.457241363600061,0.5849795955111,1.1761155573113569,1,1.457241363600061,0.7033464393647381,2,12,0,0,0,1,2,0,3,17,37,43,0.7390947141839922,0,3,3,5,0.5662076244359555,0.7061511566602752,2,6,15
6,BD4 0AG,419710,431137,E02002234,53.776199,-1.702402,1.210917007891127,0.6574595044563581,0.7939735511967637,0.23124087009005148,1.210917007891127,0.7066641334160079,1.1716129037256524,1,1.210917007891127,0.8450717830397264,1,12,0,0,0,1,1,0,3,3,34,43,0.918824977035209,0,2,3,4,0.6444882843146386,0.8172634284508802,2,2,15
7,BD4 0AH,419514,431116,E02002234,53.776017,-1.705377,1.1922722004643067,0.49571967885086027,0.6787230657639388,0.17381006875322125,1.4985364382196744,0.5589893741714561,1.221913833639104,1,1.4985364382196744,0.7146754064662684,2,13,0,0,0,1,2,0,3,17,40,43,0.8076710734202659,0,3,3,5,0.5080157653021014,0.6931548504192948,2,5,14
8,BD4 0AJ,419500,431100,E02002234,53.775874,-1.705591,1.177759313272453,0.49381170500505556,0.6585385334207863,0.19177679734524503,1.482669995586023,0.5510327037599799,1.2022217745846535,1,1.482669995586023,0.7034281123428721,2,13,0,0,0,1,2,0,3,17,38,43,0.7875579568962359,0,3,3,5,0.510139135915419,0.6864808349947367,2,5,14
9,BD4 0AL,419500,431100,E02002234,53.775874,-1.705591,1.177759313272453,0.49381170500505556,0.6585385334207863,0.19177679734524503,1.482669995586023,0.5510327037599799,1.2022217745846535,1,1.482669995586023,0.7034281123428721,2,13,0,0,0,1,2,0,3,17,38,43,0.7875579568962359,0,3,3,5,0.510139135915419,0.6864808349947367,2,5,14
10,BD4 0AN,419500,431100,E02002234,53.775874,-1.705591,1.177759313272453,0.49381170500505556,0.6585385334207863,0.19177679734524503,1.482669995586023,0.5510327037599799,1.2022217745846535,1,1.482669995586023,0.7034281123428721,2,13,0,0,0,1,2,0,3,17,38,43,0.7875579568962359,0,3,3,5,0.510139135915419,0.6864808349947367,2,5,14
11,BD4 0AP,419294,431783,E02002234,53.78202,-1.708674,1.876975034463695,0.41550210589117353,1.2918552550498836,0.4671372068247494,1.8802332366274814,0.42310136590409647,1.5798413436305694,0,1.8802332366274814,0.5172096651426261,0,16,0,0,0,0,2,0,6,17,53,87,1.4164247930179676,0,0,3,8,0.5112111096568687,0.5796274977311618,5,7,27
12,BD4 0AQ,419450,431073,E02002234,53.775633,-1.706351,1.1574592865409998,0.47320714280323367,0.6154429299293315,0.23176785799587918,1.445196734393984,0.5226857056217047,1.1540922399817266,1,1.445196734393984,0.6697566866854835,2,13,0,0,0,1,2,0,3,19,38,44,0.7446747429904584,0,3,3,5,0.502960623768608,0.665268934331409,2,6,14
13,BD4 0AR,419600,431100,E02002234,53.77587,-1.704073,1.17128860662093,0.576584772605035,0.7030455177298267,0.19929460604843652,1.5282742253901704,0.6220037625354353,1.076311258561332,1,1.5282742253901704,0.7615139380281075,1,12,0,0,0,1,2,0,3,13,38,43,0.8303454637793011,0,3,3,4,0.5731214216966474,0.7404481782782605,2,5,14
14,BD4 0AT,419735,431205,E02002234,53.776809,-1.702018,1.2806471020542702,0.6572822833455957,0.8640098379069535,0.21645401359181274,1.2806471020542702,0.7291911957689579,1.2351481491547456,1,1.2806471020542702,0.8812015269905128,0,12,0,0,0,1,1,0,2,3,37,43,0.989435453262068,0,2,3,4,0.6445431391259974,0.8456277118221521,2,2,14
15,BD4 0AU,419600,431100,E02002234,53.77587,-1.704073,1.17128860662093,0.576584772605035,0.7030455177298267,0.19929460604843652,1.5282742253901704,0.6220037625354353,1.076311258561332,1,1.5282742253901704,0.7615139380281075,1,12,0,0,0,1,2,0,3,13,38,43,0.8303454637793011,0,3,3,4,0.5731214216966474,0.7404481782782605,2,5,14
16,BD4 0AW,419500,431100,E02002234,53.775874,-1.705591,1.177759313272453,0.49381170500505556,0.6585385334207863,0.19177679734524503,1.482669995586023,0.5510327037599799,1.2022217745846535,1,1.482669995586023,0.7034281123428721,2,13,0,0,0,1,2,0,3,17,38,43,0.7875579568962359,0,3,3,5,0.510139135915419,0.6864808349947367,2,5,14
17,BD4 0AX,419249,431833,E02002234,53.782471,-1.709354,1.869967454262237,0.37218679449977415,1.341001491423481,0.4649010647438872,1.9054662102290876,0.4241783112877572,1.5882203539907087,0,1.9054662102290876,0.49288201955901967,0,17,0,0,0,0,2,1,12,17,52,90,1.4643626493696495,0,0,2,8,0.5106467903855432,0.5736477570599485,6,7,29
18,BD4 0AY,419227,431804,E02002234,53.782211,-1.70969,1.8349660705310034,0.35655772323708834,1.312152430169605,0.44667885555508446,1.8759748192678478,0.39606662510785307,1.5632486687584755,0,1.8759748192678478,0.482127160863074,0,17,0,0,0,0,2,1,12,17,54,88,1.434919638981257,0,0,3,8,0.49510965470005175,0.5543985561027198,6,7,29
19,BD4 0AZ,419583,431170,E02002234,53.7765,-1.704327,1.2417447402747475,0.5282205978566152,0.7566901611624139,0.1277401268200447,1.5631770554700914,0.6066107837891881,1.1179391716270437,1,1.5631770554700914,0.7632333218787397,1,13,0,0,0,1,2,0,3,4,40,43,0.8850477846525796,0,2,3,4,0.522749744885478,0.7324428604958133,2,3,14
20,BD4 0BB,419407,431143,E02002234,53.776264,-1.706999,1.2335951523899564,0.394380526902635,0.6703737763367539,0.19398747382240178,1.4705263211719721,0.4873586599463779,1.183001562991788,2,1.4705263211719721,0.6428971955339218,2,13,0,0,0,1,2,1,3,17,42,44,0.7992439012183313,0,3,3,5,0.4431776360692685,0.6464594616467783,3,6,14
21,BD4 0BD,419355,431107,E02002234,53.775942,-1.707791,1.2087700360283589,0.3831031192773037,0.6244109223900556,0.25583264060708866,1.4284483468912708,0.46429868685153786,1.130250130382672,2,1.4284483468912708,0.614638046224192,2,13,0,0,0,1,2,2,3,18,41,45,0.752516412203356,0,3,4,5,0.44627869369526363,0.6338995172533,3,7,14
22,BD4 0BE,419396,431108,E02002234,53.77595,-1.707168,1.2012247916189542,0.41012437138019486,0.6337641517157625,0.22800162280123523,1.4446955492961422,0.4858471475596014,1.15110433934552,2,1.4446955492961422,0.6393991233018402,2,13,0,0,0,1,2,0,3,18,40,44,0.7626083849138691,0,3,3,5,0.4593580171065322,0.6460669741846177,3,7,14
23,BD4 0BG,419380,431056,E02002234,53.775483,-1.707414,1.1535358685363886,0.4383811127318329,0.5794695850517091,0.2795967453315513,1.4072297154477935,0.48679803868105437,1.1042129270883716,1,1.4072297154477935,0.6307032947598494,2,14,0,0,0,1,2,0,3,19,40,45,0.7082731585837623,0,3,4,5,0.4868078257987004,0.6409750252783393,3,6,14
24,BD4 0BH,419266,431028,E02002234,53.775235,-1.709146,1.1564605483975663,0.4036359746107871,0.5363366480113028,0.3638719142775273,1.3500245278700533,0.447834177914263,1.0306712781726393,2,1.3500245278700533,0.5718160652666394,2,14,0,0,0,2,2,0,10,23,39,45,0.6616647708201648,0,3,4,5,0.47578160426648536,0.6144024129759803,4,9,14
25,BD4 0BJ,419225,431293,E02002234,53.777619,-1.709752,1.4217232501439936,0.15861904047118683,0.8013020653910734,0.1336973073775333,1.5015897515478387,0.31377790854185394,1.2248287219136715,2,1.5015897515478387,0.4832451430165456,0,13,0,0,0,2,2,2,5,8,43,65,0.9241763220134531,0,2,4,8,0.3325315821318806,0.547572769889146,4,4,19
26,BD4 0BL,419256,431244,E02002234,53.777177,-1.709284,1.3660618580430388,0.215002325568818,0.7520538544545863,0.18618155118056617,1.479583482215591,0.36718210727856393,1.1960809335734355,2,1.479583482215591,0.5172299541147554,1,13,0,0,0,2,2,2,5,9,43,62,0.8763252151788067,0,2,4,8,0.354406602347214,0.5689919457940464,4,5,18
27,BD4 0BQ,419349,431017,E02002234,53.775134,-1.707887,1.1227078872084226,0.452203494015692,0.5348167910602658,0.32927183298909074,1.3727163595442107,0.48095881692529,1.0598118265997154,1,1.3727163595442107,0.6072874696208578,2,14,0,0,0,1,2,0,5,21,39,45,0.6632088840005712,0,3,4,5,0.5037482734129246,0.6331147032001758,3,7,14
28,BD4 0BS,419292,431250,E02002234,53.77723,-1.708738,1.3625699982019273,0.23754157530840786,0.7593345771134092,0.21311773741292334,1.4958014016368453,0.39219918005587917,1.2146801067846587,2,1.4958014016368453,0.5366567697864005,1,13,0,0,0,1,2,2,5,8,43,61,0.8849709578094004,0,2,4,8,0.3624179760394585,0.5800565462295945,3,4,18
29,BD4 0BT,419329,431231,E02002234,53.777058,-1.708177,1.335444869696986,0.27840258619488434,0.7435354732627086,0.2141633488718254,1.4966502785116154,0.43302960421730874,1.2147739056382563,2,1.4966502785116154,0.5655821679258759,1,13,0,0,0,1,2,2,5,8,43,55,0.8704230316448449,0,2,4,5,0.3790125817998259,0.5959172926643286,3,4,15
30,BD4 0BU,419355,431250,E02002234,53.777227,-1.707782,1.3485110307298194,0.28931816396486415,0.7656552749116275,0.18436469293223096,1.5185344503147244,0.4459125200879515,1.2410811734218452,2,1.5185344503147244,0.5777295290580429,1,13,0,0,0,1,2,2,5,8,42,57,0.8931533016093121,0,2,3,5,0.381149923887629,0.6029112759500098,3,4,15
31,BD4 0BX,419383,431235,E02002234,53.777092,-1.707358,1.3284144684547816,0.32104828297313787,0.7553442923594512,0.16142348032425907,1.5194080118229176,0.46567087003562474,1.2420107003631065,2,1.5194080118229176,0.6006149250873143,1,13,0,0,0,1,2,2,4,8,42,54,0.8835042222903197,0,2,3,5,0.39422445682293505,0.6156614100295555,3,4,14
32,BD4 0BY,419394,431267,E02002234,53.777379,-1.707189,1.3579646534427912,0.31590030072793535,0.788818103240538,0.142926344667443,1.544460934198203,0.47306378413924266,1.2721682498148774,2,1.544460934198203,0.6013986745138171,1,13,0,0,0,1,2,2,4,5,42,55,0.9170603478399746,0,2,3,5,0.3893478139482857,0.6164274594976619,3,4,14
33,BD4 0BZ,419433,431310,E02002234,53.777764,-1.706594,1.3944210268064665,0.3379304662204934,0.8388802059889124,0.10453487456345666,1.5882083360717254,0.49534012255515947,1.3243802190409404,2,1.5882083360717254,0.6238790549581895,0,13,0,0,0,1,2,2,2,5,42,56,0.9675605751953226,0,2,3,5,0.39709123683555403,0.6286153108988315,3,4,16
34,BD4 0DA,419522,431281,E02002234,53.7775,-1.705246,1.355994100282151,0.43144988121449285,0.8355513150010596,0.015268922686283087,1.6064036528750245,0.5664311615643385,1.1721777442802235,1,1.6064036528750245,0.6966389293482261,0,13,0,0,0,1,2,0,2,5,41,54,0.964783455588034,0,2,3,4,0.4287507144655259,0.669507559822689,2,4,14
35,BD4 0DB,419541,431338,E02002234,53.778012,-1.704954,1.4115615466567513,0.4382659010235681,0.8956293876375429,0.049827101059565296,1.6523435657515688,0.5814555119438682,1.2268567208229502,1,1.6523435657515688,0.7074656234634114,0,13,0,0,0,1,2,0,2,5,40,55,1.024862154902161,0,1,3,4,0.4490441254295083,0.6812852678935819,2,4,14
36,BD4 0DE,419558,431424,E02002234,53.778784,-1.70469,1.4965456892457376,0.4516923731921981,0.9825197199038807,0.137388281887505,1.717919568950855,0.5765359813290878,1.3044128820298668,1,1.717919568950855,0.7228493445207593,0,13,0,0,0,1,2,0,2,5,40,60,1.111753055772996,0,1,3,4,0.49089146433459085,0.6889046609144835,2,4,17
37,BD4 0DF,419522,431487,E02002234,53.779351,-1.705233,1.561467258702532,0.42422753328844653,1.0323032500191016,0.19894506779510693,1.7459747494865376,0.5358416473899601,1.3402576068142669,1,1.7459747494865376,0.6968971304143765,0,13,0,0,0,1,2,0,3,4,40,64,1.1613583045553253,0,0,3,4,0.48893089734066375,0.6642519203691444,2,4,20
38,BD4 0DG,419400,431400,E02002234,53.778574,-1.707089,1.488259721957159,0.2930017064796722,0.9208001954821686,0.17532352951043637,1.6361226692455488,0.43512676874414613,1.2187889496835753,2,1.6361226692455488,0.5939073355269259,0,13,0,0,0,1,2,2,4,6,42,65,1.0486885251748062,0,1,3,4,0.39740289594835954,0.5936053553822223,4,5,21
39,BD4 0DH,419400,431400,E02002234,53.778574,-1.707089,1.488259721957159,0.2930017064796722,0.9208001954821686,0.17532352951043637,1.6361226692455488,0.43512676874414613,1.2187889496835753,2,1.6361226692455488,0.5939073355269259,0,13,0,0,0,1,2,2,4,6,42,65,1.0486885251748062,0,1,3,4,0.39740289594835954,0.5936053553822223,4,5,21
40,BD4 0DJ,419390,431386,E02002234,53.778449,-1.707242,1.475989498607629,0.2832984292226132,0.9053645674533547,0.17498097039391633,1.6226719616247798,0.42976832599135095,1.2033404179396991,2,1.6226719616247798,0.5859945996156061,0,13,0,0,0,1,2,2,4,5,42,65,1.0331150146893848,0,1,3,4,0.3900239410964702,0.5905747442871859,4,4,21
41,BD4 0DL,419352,431302,E02002234,53.777695,-1.707824,1.4000732123714101,0.26350332066218823,0.8167772034037188,0.18379646351329978,1.5516293316125926,0.42179894743277685,1.2810840552449116,2,1.5516293316125926,0.5647886263848146,0,13,0,0,0,1,2,2,4,5,42,61,0.9440041164886765,0,2,3,5,0.3708710287997655,0.5952311087950046,3,4,18
42,BD4 0DN,419263,431340,E02002234,53.77804,-1.709172,1.4569454348052984,0.16678429182629878,0.8481509299647085,0.1571272414319254,1.5456918557003245,0.32533463101864385,1.276672935391766,2,1.5456918557003245,0.49587463825708045,0,13,0,0,0,1,2,2,4,6,43,65,0.9725128809076595,0,2,4,8,0.3397982316172676,0.5439647024049111,4,5,21
43,BD4 0DP,419332,431378,E02002234,53.778379,-1.708123,1.4785252787828824,0.22597787502319777,0.890067974932252,0.22212865641333915,1.595658441576386,0.38052716756861715,1.4376682629819961,2,1.595658441576386,0.5418859240108084,0,13,0,0,0,1,2,2,4,6,42,65,1.0165197313968122,0,1,3,8,0.36693312584495896,0.5642486458357631,4,5,21
44,BD4 0DQ,419400,431400,E02002234,53.778574,-1.707089,1.488259721957159,0.2930017064796722,0.9208001954821686,0.17532352951043637,1.6361226692455488,0.43512676874414613,1.2187889496835753,2,1.6361226692455488,0.5939073355269259,0,13,0,0,0,1,2,2,4,6,42,65,1.0486885251748062,0,1,3,4,0.39740289594835954,0.5936053553822223,4,5,21
45,BD4 0DR,419273,431425,E02002234,53.778818,-1.709019,1.5370832768591296,0.1680238078368658,0.9333622019344902,0.1804853733686223,1.6076622316698899,0.31603084597796,1.4294917115180663,2,1.6076622316698899,0.4972571699152777,0,13,0,0,0,1,2,2,4,9,42,68,1.0579157158343286,0,1,3,8,0.3567363296504639,0.5291216545714886,4,5,23
46,BD4 0DS,419210,431409,E02002234,53.778662,-1.709972,1.5373535702628722,0.1034842983258813,0.9177461522665186,0.11660518856383417,1.5759281833959393,0.25899143323700385,1.391999655661852,2,1.5759281833959393,0.45194886627348774,0,13,0,0,0,1,2,2,4,9,43,70,1.0399658977471995,0,1,4,8,0.3312822324755377,0.5045296801452962,4,5,23
47,BD4 0DW,419311,431317,E02002234,53.777831,-1.708445,1.423295120486261,0.2198635940759634,0.8274787006322277,0.207920585801425,1.546774358998861,0.3782302867689367,1.2761727196731785,2,1.546774358998861,0.5331239795158148,0,13,0,0,0,1,2,2,4,5,42,64,0.9535250052013529,0,2,3,8,0.35641086546006295,0.5721946611829927,4,4,19
48,BD4 0DX,419349,431782,E02002234,53.782009,-1.70784,1.873589602874653,0.4426511041441103,1.2940262748491622,0.4909189036898367,1.8976624926414782,0.4586613226280761,1.6037462499014954,0,1.8976624926414782,0.5497516288580551,0,13,0,0,0,0,2,0,6,16,50,86,1.419852517689428,0,0,3,7,0.5296807998648708,0.6081843426155173,5,7,27
49,BD4 0DY,419350,431708,E02002234,53.781344,-1.707829,1.8002824778350757,0.38398567681620627,1.2203544567051001,0.4286979939304915,1.8412310167814758,0.4268385939891238,1.6109156929606152,0,1.8412310167814758,0.5471676921796294,0,12,0,0,0,0,2,2,6,14,49,85,1.3463601770991305,0,0,3,6,0.4918351616834826,0.5890583341196007,5,7,25
50,BD4 0DZ,419296,431639,E02002234,53.780726,-1.708653,1.7415510328439991,0.29643549045281337,1.1480461663191077,0.3412793137593048,1.7707728608625244,0.36256932305505873,1.547028026316073,1,1.7707728608625244,0.4980868502449001,0,12,0,0,0,0,2,2,5,13,52,83,1.272894181370474,0,0,3,7,0.44254529235557927,0.5473667236971731,5,7,25
51,BD4 0EA,419294,431599,E02002234,53.780367,-1.708686,1.7026814147103386,0.2659059984280159,1.1079972924154642,0.30758083490363974,1.7402796366410884,0.34862950585795993,1.5253727751333181,2,1.7402796366410884,0.4940928139099062,0,12,0,0,0,0,2,2,5,13,49,83,1.2328625401173774,0,0,3,7,0.4263178441589409,0.5406389525955649,5,6,25
52,BD4 0EB,419384,431639,E02002234,53.780723,-1.707317,1.7270390846764296,0.35998055503040716,1.1551528037450285,0.38176162719686285,1.8014334083195191,0.42974079703294765,1.5925056847971142,2,1.8014334083195191,0.5670240730329759,0,12,0,0,0,0,2,2,4,9,47,82,1.2820250076975934,0,0,3,6,0.4738571338546829,0.5939823795992202,4,5,25
53,BD4 0ED,419384,431712,E02002234,53.781379,-1.707313,1.7993479374484525,0.4095912596723715,1.2276681147606627,0.4497153988913394,1.8562511846352034,0.4538003225473712,1.6308826677241042,0,1.8562511846352034,0.5743830993372614,0,12,0,0,0,0,2,0,6,16,49,84,1.3543542801909294,0,0,3,6,0.5071864215005663,0.6090532785694225,5,6,25
54,BD4 0EE,419422,431776,E02002234,53.781953,-1.706732,1.8582316863082495,0.48249870466147365,1.295870749727765,0.500492897052493,1.918822653275181,0.508863872403487,1.6858644777285512,0,1.918822653275181,0.5979518100494746,0,11,0,0,0,0,2,0,5,16,45,85,1.423066488087349,0,0,3,6,0.5567040047705843,0.648621251873502,4,7,25
55,BD4 0EF,419383,431792,E02002234,53.782098,-1.707323,1.8787809877683987,0.4704083332595204,1.3070944877857913,0.5169899128610086,1.9171605691063842,0.48733850631442527,1.624936620386474,0,1.9171605691063842,0.5711338730376301,0,13,0,0,0,0,2,0,6,16,46,86,1.4335732516092174,0,0,3,7,0.5485873201832743,0.6303339450413659,4,7,27
56,BD4 0EG,419406,431828,E02002234,53.782421,-1.706972,1.9117010749591579,0.513035086519431,1.3454281846311975,0.554778099784046,1.9532132448233,0.5214345640422591,1.6555789297997676,0,1.9532132448233,0.5858920521170032,0,14,0,0,0,0,2,0,5,16,44,89,1.472235389583593,0,0,2,7,0.5787555133793416,0.6553789650509888,4,7,29
57,BD4 0EH,419479,431817,E02002234,53.782319,-1.705864,1.8937140755668473,0.5511669438563964,1.3451576115831185,0.5314903009463096,1.8937140755668473,0.5709598227288855,1.4730690370611246,0,1.8937140755668473,0.6371838752121659,0,9,0,0,0,0,1,0,5,12,34,86,1.4730690370611246,0,0,2,3,0.6067457315770916,0.6971142231114353,4,6,24
58,BD4 0EJ,419481,431809,E02002234,53.782247,-1.705835,1.8855834640768359,0.546725708193789,1.337626629519613,0.5233246984425622,1.8855834640768359,0.5689565468325768,1.465581578300096,0,1.8855834640768359,0.6387907854165001,0,10,0,0,0,0,1,0,5,12,34,86,1.465581578300096,0,0,2,3,0.6032798631561745,0.6958476001054298,4,6,24
59,BD4 0EL,419452,431831,E02002234,53.782446,-1.706273,1.9099424075086664,0.5437738500516552,1.3546017865040634,0.5488580326459639,1.9099424075086664,0.5567783407843074,1.6796803047657554,0,1.9099424075086664,0.6176642960050857,0,9,0,0,0,0,1,0,5,15,37,89,1.482119954709761,0,0,2,6,0.60144739669953,0.684508426183101,4,7,29
60,BD4 0EN,419424,431848,E02002234,53.7826,-1.706697,1.9296022906288228,0.5398120043126126,1.3675031992649962,0.570462917287353,1.9296022906288228,0.5445538469542739,1.6753210240247027,0,1.9296022906288228,0.598290723956631,0,13,0,0,0,0,1,0,5,16,42,89,1.4945606811883967,0,0,2,7,0.5984291605056578,0.6730672849732,4,7,29
61,BD4 0EP,419356,431862,E02002234,53.782728,-1.707728,1.9517656109277057,0.4753794379230365,1.374329290963414,0.5649318277456451,1.962524467872246,0.5051970518062001,1.651061123085416,0,1.962524467872246,0.5540886567703395,0,16,0,0,0,0,2,0,7,17,47,91,1.5001396761970527,0,0,2,7,0.5786516775879188,0.6385429236812851,4,7,29
62,BD4 0EQ,419489,431768,E02002234,53.781878,-1.705716,1.8440959844867078,0.523748031022552,1.298745548596799,0.4817301526788612,1.8440959844867078,0.558297670748323,1.5678965844971517,0,1.8440959844867078,0.6463606230382858,0,10,0,0,0,0,1,0,5,9,41,82,1.4268926675266225,0,0,3,4,0.5852006354497201,0.6887406635792247,4,5,24
63,BD4 0ER,419354,431868,E02002234,53.782782,-1.707758,1.9579849335477533,0.4730348930047571,1.3801539769170685,0.5680431321651552,1.9665842701015457,0.5072886019772217,1.6535102039305556,0,1.9665842701015457,0.5530600514587722,0,16,0,0,0,0,2,0,7,17,47,92,1.505913004566101,0,0,2,7,0.5815638170880657,0.6396345173847208,4,7,29
64,BD4 0ES,419293,431816,E02002234,53.782317,-1.708687,1.8952780482029516,0.4184521597506926,1.324798852656508,0.49716573695301064,1.9057175699420557,0.43989763872691406,1.5974586173984273,0,1.9057175699420557,0.5161263875839958,0,17,0,0,0,0,2,0,6,17,51,88,1.4492982397098755,0,0,3,8,0.5293581537462289,0.5893297452754593,5,7,29
65,BD4 0ET,419200,431800,E02002234,53.782177,-1.7101,1.8109789286460491,0.33156418684775774,1.308844146565969,0.4207386362101774,1.8649316199530552,0.38040283079407916,1.550298923786596,0,1.8649316199530552,0.4646326071302609,0,17,0,0,0,0,2,2,13,17,55,88,1.430816762828528,0,0,3,8,0.47815464340846825,0.5416520691436785,6,7,29
66,BD4 0EU,419200,431800,E02002234,53.782177,-1.7101,1.8109789286460491,0.33156418684775774,1.308844146565969,0.4207386362101774,1.8649316199530552,0.38040283079407916,1.550298923786596,0,1.8649316199530552,0.4646326071302609,0,17,0,0,0,0,2,2,13,17,55,88,1.430816762828528,0,0,3,8,0.47815464340846825,0.5416520691436785,6,7,29
67,BD4 0EW,419389,431862,E02002234,53.782727,-1.707228,1.9474747751896557,0.5083158565301928,1.377339464329691,0.5802562968206694,1.9474747751896557,0.5273140459317889,1.6663861121795986,0,1.9474747751896557,0.5751791194667435,0,15,0,0,0,0,1,0,5,17,45,90,1.5037739518229774,0,0,2,7,0.5917543005115706,0.6572921912021626,4,7,29
68,BD4 0EX,419200,431800,E02002234,53.782177,-1.7101,1.8109789286460491,0.33156418684775774,1.308844146565969,0.4207386362101774,1.8649316199530552,0.38040283079407916,1.550298923786596,0,1.8649316199530552,0.4646326071302609,0,17,0,0,0,0,2,2,13,17,55,88,1.430816762828528,0,0,3,8,0.47815464340846825,0.5416520691436785,6,7,29
69,BD4 0EY,419200,431800,E02002234,53.782177,-1.7101,1.8109789286460491,0.33156418684775774,1.308844146565969,0.4207386362101774,1.8649316199530552,0.38040283079407916,1.550298923786596,0,1.8649316199530552,0.4646326071302609,0,17,0,0,0,0,2,2,13,17,55,88,1.430816762828528,0,0,3,8,0.47815464340846825,0.5416520691436785,6,7,29
70,BD4 0EZ,419252,431793,E02002234,53.782112,-1.709311,1.8485800172023905,0.38353149805461517,1.3010096079583733,0.4614082465669932,1.8748650976920045,0.40353434032272545,1.5674840535365413,0,1.8748650976920045,0.49460041121501486,0,16,0,0,0,0,2,1,9,17,54,88,1.4244794233242672,0,0,3,8,0.5043896195984949,0.5623655746662811,5,7,29
71,BD4 0HA,419189,431814,E02002234,53.782303,-1.710266,1.8107478234144014,0.31726488932753705,1.3232717030149175,0.4075904807524337,1.8728699065309518,0.38314303065736793,1.5536538576307573,0,1.8728699065309518,0.4621627671805876,0,17,0,0,0,0,2,1,13,17,54,88,1.4449149882211252,0,0,3,8,0.47172052659241653,0.5413936928539336,7,7,29
72,BD4 0HB,419137,431854,E02002234,53.782664,-1.711052,1.7951814615798578,0.25828552030652413,1.3664347770749983,0.3516276439644642,1.8906599630189813,0.38519504666159016,1.556030377824258,1,1.8906599630189813,0.4453805844808249,0,18,0,0,0,0,2,1,14,17,54,89,1.4864766157183578,0,0,2,8,0.4429713429965576,0.5328645300088279,7,7,29
73,BD4 0HG,419701,430830,E02002234,53.77344,-1.702558,0.9041161429816414,0.5766125215428468,0.5660035335578746,0.4875230661209825,1.4264072491473678,0.7170091250270214,1.130571637046239,0,1.4264072491473678,0.7455332529008906,2,11,0,0,1,1,2,0,8,17,27,43,0.6784871364742184,0,3,3,8,0.6900894368473801,0.7577371030234186,3,6,15
74,BD4 0HH,419251,430812,E02002234,53.773295,-1.709387,0.9593299745134621,0.30438462510448844,0.3200249990235138,0.5548682185888766,1.2289136242257894,0.48578112149470604,0.8649820994154253,0,1.2289136242257894,0.5239644117788982,3,12,0,0,1,2,2,1,17,24,35,45,0.4454427345299377,1,3,5,5,0.5648391090456112,0.6043141225328341,5,9,14
75,BD4 0HJ,419295,430829,E02002234,53.773446,-1.708718,0.9589374327869363,0.3282209621581169,0.340401233840302,0.5185405866467874,1.2512909562907075,0.5126415516048877,0.8971934845352423,0,1.2512909562907075,0.5520512345754583,3,12,0,0,1,2,2,1,17,22,35,45,0.4682731676493535,1,3,4,5,0.5624630666290638,0.6106103928347624,5,9,14
76,BD4 0HL,419285,430732,E02002234,53.772574,-1.708876,0.8724047225915275,0.2317282891664287,0.24298971171636055,0.5181224758683732,1.2007062003966484,0.420071650343018,0.8248323588436082,0,1.2007062003966484,0.4609296255638996,3,12,0,0,1,2,2,1,17,24,33,44,0.3712322767365003,2,3,5,6,0.562995078872027,0.5894639526031696,6,9,15
77,BD4 0HN,419299,430766,E02002234,53.772879,-1.708662,0.8986089249501142,0.26828715958837834,0.2788906595782656,0.5547739179160923,1.221272156099597,0.45667272987130364,0.8552383822270155,0,1.221272156099597,0.4973771689849928,3,12,0,0,1,2,2,1,17,24,34,45,0.4074154880617986,2,3,5,6,0.5747125006943852,0.5977997768546465,6,9,15
78,BD4 0HP,419355,430740,E02002234,53.772644,-1.707813,0.8550801132057744,0.2665520587052368,0.2704958410031474,0.5602450356763288,1.227112392292405,0.4519440308051705,0.8692630740787534,0,1.227112392292405,0.49303743585810256,3,12,0,0,1,2,2,1,17,21,33,44,0.39947868014466015,2,3,4,7,0.5711790299496647,0.6014331583876649,6,9,15
79,BD4 0HQ,419607,430917,E02002234,53.774225,-1.703979,0.988182675419884,0.5609714787758822,0.5569784555977009,0.37835583780351756,1.4254404505564569,0.6544327245622535,1.1508859237548605,1,1.4254404505564569,0.7167088447889111,2,12,0,0,1,1,2,0,3,17,33,43,0.6797080028464942,0,3,3,8,0.6212260495346534,0.7205977811689525,2,6,15
80,BD4 0HR,419408,430751,E02002234,53.772741,-1.707009,0.8504163686101062,0.3052212312405544,0.3049622927510875,0.5523690251996368,1.2514038148914117,0.48431674004536235,0.9102061470882857,0,1.2514038148914117,0.5237383691808222,3,12,0,0,1,1,2,1,17,20,33,44,0.4322096423022487,1,3,4,8,0.583053049116312,0.6159166638197309,6,9,15
81,BD4 0HS,419387,430705,E02002234,53.772328,-1.70733,0.811971058597534,0.25620499604808644,0.2548901724272633,0.5475372133471843,1.2213860259873517,0.43432662796556715,0.8678604156658579,0,1.2213860259873517,0.4737106777825312,3,11,0,0,1,1,2,1,17,20,29,42,0.381849562967595,2,3,4,8,0.5666473835459793,0.6026079919551289,6,9,15
82,BD4 0HT,419317,430708,E02002234,53.772357,-1.708392,0.8380465380872354,0.22051303816327958,0.2270594635772753,0.5128755209599823,1.199423499694526,0.4087708105594975,0.8259008297185833,0,1.199423499694526,0.4494355651882812,3,12,0,0,1,2,2,1,17,23,33,42,0.35628957163467007,2,3,5,6,0.5477369279135414,0.5887692489929218,6,9,15
83,BD4 0HU,419295,430676,E02002234,53.772071,-1.708728,0.817049570099636,0.18225805880673698,0.19015782918407542,0.4740988293594231,1.1780788897104266,0.37086971214524816,0.792520164187743,0,1.1780788897104266,0.4117468122260234,3,11,0,0,1,2,2,1,17,23,32,42,0.3192374800315366,2,3,5,6,0.5118352662381774,0.5757621233384663,6,9,15
84,BD4 0HW,419300,430700,E02002234,53.772286,-1.70865,0.837088406322773,0.20631286920597078,0.21464622055838764,0.4972710528474126,1.1904516911416438,0.39495946848643126,0.8111253862270797,0,1.1904516911416438,0.43576673323630216,3,12,0,0,1,2,2,1,17,23,33,42,0.3436881211903182,2,3,5,6,0.5358098616640593,0.5848556020715268,6,9,15
85,BD4 0HX,419308,430638,E02002234,53.771729,-1.708533,0.7770489045098771,0.15503870484495155,0.1582308440222702,0.4494428773492543,1.1651866503822779,0.34057640087926777,0.7754955665702767,0,1.1651866503822779,0.381962294928461,3,11,0,1,1,2,2,1,16,23,29,42,0.2873340511817539,2,3,5,8,0.4796066510627364,0.5549902300042125,6,9,15
86,BD4 0HY,419313,430570,E02002234,53.771117,-1.708461,0.7133372274037014,0.10955363982999379,0.1021763181955584,0.3991432073829892,1.138068076204859,0.28372719254243434,0.7378186743544621,1,1.138068076204859,0.3236975343633709,3,11,0,1,1,2,2,8,15,23,29,40,0.2283949052555163,3,3,5,8,0.41868586498413124,0.5174349644312548,5,8,15
87,BD4 0HZ,419327,430532,E02002234,53.770775,-1.708251,0.6730601756158211,0.10748953437428223,0.08944271909999159,0.36611746748823665,1.1267780995105594,0.26346240062516907,0.7285358382462112,2,1.1267780995105594,0.2980944341588677,3,11,0,1,1,2,2,11,15,23,29,40,0.20692654988072195,3,3,5,8,0.38994629383503665,0.4991169621889555,5,8,15
88,BD4 0JA,419303,430520,E02002234,53.770668,-1.708616,0.6735057535017797,0.08174350127074323,0.06260990336999411,0.35095583767762006,1.1157722089885371,0.24114147765922433,0.7041454334407768,2,1.1157722089885371,0.27785556938327927,3,11,0,1,1,2,2,11,15,23,29,40,0.18274360038257575,3,3,5,8,0.37038122107835847,0.48863420996447265,4,8,15
89,BD4 0JB,419308,430476,E02002234,53.770273,-1.708543,0.6327187368807723,0.09211405973031478,0.06306346010171025,0.3078782226790326,1.1007941777139099,0.21941420810965104,0.6912818669199193,3,1.1007941777139099,0.24808371280781372,3,11,0,1,1,2,2,12,15,23,29,40,0.16066848030044084,3,3,5,8,0.3338372317390242,0.46605807265090005,4,8,14
90,BD4 0JE,419230,430422,E02002234,53.76979,-1.70973,0.6323487961560456,0.08736704184073077,0.04428317965096906,0.23601038112758674,1.0667071222146787,0.1660697601713727,0.6264199929931733,3,1.0667071222146787,0.18812604408227043,3,11,0,1,1,2,2,14,17,22,30,39,0.10556667614567034,3,3,5,8,0.2616518510720591,0.40581284466182416,4,9,14
91,BD4 0JF,419363,430420,E02002234,53.769767,-1.707712,0.5570008976653449,0.16673931749890306,0.1365283853270081,0.26722649569232465,1.0945979430084534,0.22769747572666432,0.7290570398041525,3,1.0945979430084534,0.24145316704294276,3,11,0,1,1,1,2,12,15,20,29,36,0.18978014151005357,3,3,5,8,0.3156608947107275,0.4527736054953545,4,9,13
92,BD4 0JG,419233,430448,E02002234,53.770024,-1.709683,0.6510069124056979,0.06198386886924694,0.046173585522460786,0.255599100154886,1.075155989047226,0.17476206967862976,0.6330967945278615,3,1.075155989047226,0.20302304441124822,3,11,0,1,1,2,2,13,17,23,30,39,0.11385406841495696,3,3,5,8,0.28536450211921255,0.4247065713087468,4,9,14
93,BD4 0JN,419557,430387,E02002234,53.769463,-1.704771,0.4631684358848301,0.3460258516353861,0.32729955698106283,0.3624044701711059,1.146072145692141,0.35132436340360895,0.8438050460625959,1,1.146072145692141,0.35555996938049866,3,11,0,1,1,1,2,8,15,15,27,34,0.36676919276448106,2,3,4,8,0.42063536370834975,0.5370115536356121,4,5,13
94,BD4 0JP,419518,430428,E02002234,53.769833,-1.70536,0.5105536210820564,0.30688271375233894,0.2784546641735419,0.35993471630283175,1.1471384421857516,0.33735610818717754,0.8449441158523654,1,1.1471384421857516,0.3461590560126403,3,11,0,1,1,1,2,8,15,15,28,35,0.33245111017111806,2,3,4,8,0.4246846474361172,0.5259249374773485,4,5,13
95,BD4 0JQ,419352,430471,E02002234,53.770241,-1.707879,0.6073219903807205,0.1354400236266961,0.10707940978544847,0.31208332220738744,1.1102245822682728,0.2430910676239258,0.7278337422847212,3,1.1102245822682728,0.2675868243239636,3,11,0,1,1,1,2,12,15,22,29,40,0.19310719714268165,3,3,5,8,0.34953068708611795,0.4735328406249054,4,8,14
96,BD4 0JR,419400,430400,E02002234,53.769586,-1.707152,0.5224145863200989,0.20872230355187246,0.17853010950537168,0.26532432983049253,1.097300093033358,0.24467480474825157,0.7614288571389592,3,1.097300093033358,0.252686021146088,3,11,0,1,1,1,2,12,15,20,29,35,0.22042763683940272,3,3,6,8,0.32467216141735994,0.45801918452394924,4,9,13
97,BD4 0JS,419470,430478,E02002234,53.770285,-1.706085,0.5707337382703076,0.24992999019725506,0.22343902971504329,0.3685986977730659,1.1498695990325143,0.3277906377350821,0.8285121962832989,1,1.1498695990325143,0.34407177131774713,3,11,0,1,1,1,2,9,15,17,28,37,0.29837456469066326,3,3,3,8,0.42559019916583257,0.5200730570793552,4,6,13
98,BD4 0JT,419459,430512,E02002234,53.770591,-1.70625,0.6064470298385507,0.23701898658124415,0.21294130646729864,0.3918290443548053,1.1601766758329795,0.33754589154348313,0.8341386767214357,1,1.1601766758329795,0.3586366374931775,3,11,0,1,1,1,2,8,15,18,28,40,0.30066944901594156,2,3,3,8,0.44263685499286254,0.5296309725790975,5,6,14
99,BD4 0JU,419425,430494,E02002234,53.77043,-1.706767,0.5996882523444994,0.20355343278854326,0.17801123560045304,0.3600138886209808,1.141000663328081,0.30387904230877,0.7995939301820744,1,1.141000663328081,0.3249207151051638,3,11,0,1,1,1,2,9,15,20,29,40,0.26384305486897147,3,3,4,8,0.4081130339675575,0.5081845608379478,4,8,14
100,BD4 0JW,419543,430412,E02002234,53.769689,-1.704982,0.4900795853736411,0.33533565274214433,0.3066202863477888,0.3671648131289272,1.1505177438264316,0.3494815825159068,0.8472736236859203,1,1.1505177438264316,0.3563411685349807,3,11,0,1,1,1,2,8,15,15,27,35,0.3545703597103787,2,3,4,8,0.42865254071805925,0.5353071793703339,4,5,13
101,BD4 0JX,419365,430518,E02002234,53.770648,-1.707676,0.6442375338336008,0.14328293687665675,0.12083045973594572,0.36084622763720287,1.1320389605161387,0.2776853198313474,0.7540275075949057,1,1.1320389605161387,0.3070287173583821,3,11,0,1,1,1,2,11,15,22,29,40,0.22563706900535738,3,3,5,8,0.39458688165253347,0.5004075977406078,5,8,14
102,BD4 0JY,419421,430551,E02002234,53.770943,-1.706824,0.6549114443953472,0.20338387350033435,0.18373078130786905,0.410396150079408,1.1634929043851583,0.3344620144708875,0.8148385371971082,0,1.1634929043851583,0.3627811166688397,3,11,0,1,1,1,2,2,15,20,29,40,0.2881381088589723,2,3,4,8,0.45038574831750017,0.533407449720331,5,8,14
103,BD4 0JZ,419400,430500,E02002234,53.770485,-1.707146,0.6140985262968801,0.17822738285684386,0.15320900756809308,0.35524217092006405,1.1354279024191478,0.2897180517106994,0.7786642404736479,1,1.1354279024191478,0.3139047947593792,3,11,0,1,1,1,2,10,15,20,29,40,0.24496414352664037,3,3,5,8,0.39818226866677503,0.5020587123795898,4,8,14
104,BD4 0LA,419403,430581,E02002234,53.771213,-1.707095,0.6890812724200245,0.19479476378999513,0.17960233851484228,0.4322834718098762,1.1703396250686748,0.34362760447152274,0.8124417640181842,0,1.1703396250686748,0.3757471970756127,3,11,0,1,1,1,2,1,15,20,29,40,0.29336137267252116,2,3,4,8,0.4658241000584154,0.542694136768997,5,8,15
105,BD4 0LB,419437,430597,E02002234,53.771355,-1.706578,0.6942225867832306,0.23231228981696167,0.21708293346092408,0.4590392140111779,1.1893025840138762,0.37603239550899875,0.8477709781539038,0,1.1893025840138762,0.407112476983333,3,11,0,1,1,1,2,1,15,20,29,40,0.32868446706806964,2,3,4,8,0.4964227622172241,0.5610974385386569,5,8,15
106,BD4 0LD,419464,430642,E02002234,53.771759,-1.706166,0.7311723463042075,0.2761394575210142,0.26379727064547126,0.5109256305960781,1.2201006376288555,0.4255920232226622,0.8909784436761266,0,1.2201006376288555,0.4577098131407123,3,11,0,1,1,1,2,1,15,18,28,40,0.3785923905082784,2,3,3,8,0.5477823122976652,0.5922314391222419,6,6,15
107,BD4 0LE,419400,430600,E02002234,53.771384,-1.707139,0.7080374283892059,0.1999124808509964,0.1872778684201633,0.4494407636162968,1.1776516239304815,0.35594231107331664,0.8190688361906636,0,1.1776516239304815,0.3892174435499632,3,11,0,1,1,1,2,1,15,20,29,40,0.30457905824631226,2,3,4,8,0.4804986206830245,0.5515588173955497,5,8,15
108,BD4 0LF,419429,430629,E02002234,53.771643,-1.706698,0.72719254671648,0.23926763257908495,0.22780035118497952,0.48614092606979714,1.200900381791962,0.39479543699057607,0.8564663752850903,0,1.200900381791962,0.4281444349136318,3,11,0,1,1,1,2,1,15,20,29,40,0.3451485538428353,2,3,4,8,0.5190861678647292,0.574605312314877,6,8,15
109,BD4 0LG,419400,430624,E02002234,53.771599,-1.707138,0.7308221397850506,0.21191743675309024,0.20207176942858693,0.47240342928475865,1.1883530909365294,0.37457510262432986,0.8312434661769925,0,1.1883530909365294,0.4089090058068667,3,11,0,1,1,1,2,1,15,20,29,40,0.32242082425948176,2,3,4,8,0.5011511699586201,0.5640012647404669,6,8,15
110,BD4 0LH,419452,430672,E02002234,53.772029,-1.706346,0.7631022211997551,0.2819024654024863,0.2728094573140748,0.5344127618236676,1.2296296270121199,0.44148715973822866,0.896569309605447,0,1.2296296270121199,0.4755641764005288,3,11,0,1,1,1,2,1,15,19,28,41,0.39219030881297395,2,3,3,8,0.5668706953599684,0.6033932791692352,6,6,15
111,BD4 0LJ,419484,430746,E02002234,53.772693,-1.705856,0.8292484549277134,0.35328883367579,0.3473974668877135,0.5449201225867869,1.278746539408173,0.5189515632609758,0.961292215439346,0,1.278746539408173,0.5540325921810854,3,11,0,0,1,1,2,1,17,17,28,44,0.46951009687177286,1,3,3,8,0.6014077373228336,0.6397559378430172,6,6,15
112,BD4 0LL,419472,430807,E02002234,53.773242,-1.706034,0.891403387922662,0.38897814848651846,0.3871046370169182,0.4856430170402932,1.3050633291301292,0.564026093195151,0.9884756359315173,0,1.3050633291301292,0.6010785715556195,3,12,0,0,1,1,2,1,17,17,32,44,0.5127890865081872,1,3,3,8,0.6043023217156437,0.6451189258289958,5,7,15
113,BD4 0LN,419498,430832,E02002234,53.773465,-1.705638,0.9120268636394435,0.4248588000736245,0.4226121153019634,0.45802133138097306,1.3291603667625127,0.5986874879269966,1.021978286478144,0,1.3291603667625127,0.6346540960204021,3,12,0,0,1,1,2,0,16,17,32,44,0.5477908108415953,0,3,3,8,0.6039578970710653,0.6586438147826902,5,7,15
114,BD4 0LQ,419409,430645,E02002234,53.771788,-1.707,0.7481610789128235,0.23122499864850254,0.22282953125651905,0.4951009997970111,1.2010580300811506,0.39623598207637495,0.8492295005394443,0,1.2010580300811506,0.43098023107490724,3,11,0,1,1,1,2,1,15,20,29,40,0.34425324393058654,2,3,4,8,0.5234300672657399,0.5773013610162474,6,8,15
115,BD4 0LS,419550,430878,E02002234,53.773877,-1.704846,0.9520383395641165,0.49370537773048406,0.49071886044862795,0.4107631190844674,1.376994735488471,0.6251710338091105,1.0869852759751935,0,1.376994735488471,0.6748329580793816,3,12,0,0,1,1,2,0,13,17,32,43,0.614856080098935,0,3,3,8,0.6079999192230146,0.6873621580068449,4,6,15
116,BD4 0LT,419508,430928,E02002234,53.774328,-1.70548,1.0059448295011013,0.5073036566002654,0.5081505682374073,0.3615322115662716,1.3858275387658057,0.5861715045781742,1.089399237643855,1,1.3858275387658057,0.6621369454497876,3,12,0,0,0,1,2,0,10,17,33,43,0.6353567207116314,0,3,3,5,0.5807976024049712,0.6799160903323141,3,7,15
117,BD4 0LU,419539,430938,E02002234,53.774416,-1.705009,1.0127437978087053,0.5334135356362829,0.5330853590186097,0.3505195286999001,1.405236360322197,0.6035647082555698,1.1167050795033824,1,1.405236360322197,0.6815608895149783,3,12,0,0,0,1,2,0,4,17,33,43,0.6594100156466141,0,3,3,6,0.5884801698492513,0.6938976814544817,2,7,15
118,BD4 0LW,419719,430628,E02002234,53.771623,-1.702298,0.7051595564125895,0.5110479429564314,0.49120260585628006,0.6434733871730828,1.334770350345932,0.5935825793379679,1.0092884197744247,0,1.334770350345932,0.6132865976629465,3,12,0,1,1,1,2,0,12,17,27,35,0.5801971245387876,0,3,3,8,0.6818935257472355,0.7116821105842851,5,6,13
119,BD4 0LX,419563,430943,E02002234,53.77446,-1.704645,1.015955215548402,0.5519393082577105,0.5506877518158543,0.3466086265516204,1.4190644148348623,0.6183943516430108,1.136412710474702,1,1.4190644148348623,0.6964712726595905,2,12,0,0,0,1,2,0,3,17,33,43,0.6762093177286149,0,3,3,7,0.5962296150348156,0.7050230850957132,2,7,15
120,BD4 0LY,419500,430900,E02002234,53.774076,-1.705603,0.9791409500169014,0.47975514588172996,0.48007603564435497,0.39010042296823927,1.3668054321322483,0.5881324837020281,1.0659542806045035,1,1.3668054321322483,0.6518223651677839,3,12,0,0,1,1,2,0,13,17,33,44,0.6070102276211132,0,3,3,7,0.5857665742443179,0.6715989691221769,4,7,15
121,BD4 0LZ,419500,430900,E02002234,53.774076,-1.705603,0.9791409500169014,0.47975514588172996,0.48007603564435497,0.39010042296823927,1.3668054321322483,0.5881324837020281,1.0659542806045035,1,1.3668054321322483,0.6518223651677839,3,12,0,0,1,1,2,0,13,17,33,44,0.6070102276211132,0,3,3,7,0.5857665742443179,0.6715989691221769,4,7,15
122,BD4 0NA,419600,430800,E02002234,53.773174,-1.704092,0.8713879732931824,0.4770377343565182,0.46847945525924617,0.49276600937970705,1.3587709986017096,0.6294916519501956,1.074481040948937,0,1.3587709986017096,0.6612156684511061,3,11,0,0,1,1,2,0,14,17,28,43,0.5856105160572372,0,3,3,8,0.6492092289410167,0.698215745144615,5,6,15
123,BD4 0NB,419636,430865,E02002234,53.773757,-1.703542,0.9360534172791636,0.5460146518180625,0.5389341332667656,0.43530763834327824,1.4112492804644878,0.6876168860584252,1.1304682441308862,0,1.4112492804644878,0.7245240074453995,3,12,0,0,1,1,2,0,11,17,29,43,0.6577026195481518,0,3,3,8,0.6477363383827389,0.726442783347874,3,6,15
124,BD4 0ND,419629,430786,E02002234,53.773047,-1.703653,0.8570052508590598,0.49231900227393216,0.4820373429517676,0.5111613639546735,1.3657395858616233,0.6373919583770072,1.080217512095287,0,1.3657395858616233,0.667125747581884,3,11,0,0,1,1,2,0,12,17,28,43,0.5960790651197904,0,3,3,8,0.6659377193159838,0.7112642371855964,5,6,15
125,BD4 0NE,419672,430687,E02002234,53.772156,-1.703007,0.7593944956345153,0.4839256141185337,0.46760025662952753,0.6168380176351026,1.3376484052360422,0.596376039478716,1.0318677771264426,0,1.3376484052360422,0.6199041969868173,3,11,0,1,1,1,2,0,12,17,27,39,0.568277669991737,0,3,3,8,0.6671609698690412,0.7064435991877467,5,6,15
126,BD4 0NF,419727,430716,E02002234,53.772429,-1.702174,0.7934544725439513,0.5457783432859901,0.5296942514318992,0.6037426107208306,1.3821379729701244,0.6541179109882717,1.0612406744448428,0,1.3821379729701244,0.677577504796666,3,11,0,1,1,1,2,0,11,17,27,38,0.6298078283966961,0,3,3,8,0.7011593919080537,0.7495356022133549,3,6,15
127,BD4 0NG,419672,430687,E02002234,53.772156,-1.703007,0.7593944956345153,0.4839256141185337,0.46760025662952753,0.6168380176351026,1.3376484052360422,0.596376039478716,1.0318677771264426,0,1.3376484052360422,0.6199041969868173,3,11,0,1,1,1,2,0,12,17,27,39,0.568277669991737,0,3,3,8,0.6671609698690412,0.7064435991877467,5,6,15
128,BD4 0NH,419700,430700,E02002234,53.772271,-1.702582,0.7745430911188866,0.5147475109216169,0.4984706611225981,0.6111123791906067,1.3591774926551428,0.6245034945874505,1.0457069460740909,0,1.3591774926551428,0.6479248431904736,3,11,0,1,1,1,2,0,12,17,27,39,0.598637013271173,0,3,3,8,0.6838184511978178,0.727447615790411,4,6,15
129,BD4 0NJ,419672,430790,E02002234,53.773081,-1.703001,0.8622279281025407,0.5305289813007391,0.519065506463298,0.5169034145756857,1.3899168478600277,0.6687115993967445,1.0981106938503358,0,1.3899168478600277,0.6968687952363597,3,11,0,0,1,1,2,0,10,17,27,42,0.6303786630747977,0,3,3,8,0.685518617832246,0.7355205684354782,3,6,15
130,BD4 0NL,419600,430800,E02002234,53.773174,-1.704092,0.8713879732931824,0.4770377343565182,0.46847945525924617,0.49276600937970705,1.3587709986017096,0.6294916519501956,1.074481040948937,0,1.3587709986017096,0.6612156684511061,3,11,0,0,1,1,2,0,14,17,28,43,0.5856105160572372,0,3,3,8,0.6492092289410167,0.698215745144615,5,6,15
131,BD4 0NN,419731,430810,E02002234,53.773259,-1.702104,0.8872350308683714,0.5913391581825104,0.5791200221024999,0.5169726685232059,1.4323648643560372,0.7221934002343771,1.1223372913103495,0,1.4323648643560372,0.7487060607252403,2,11,0,0,1,1,2,0,8,16,27,42,0.6881220966780704,0,3,3,7,0.712038393451441,0.773335151651059,2,6,15
132,BD4 0NP,419767,430799,E02002234,53.773159,-1.701559,0.881351802630482,0.6173532214219021,0.6038617391423305,0.5415672996036646,0.881351802630482,0.7383594894130243,1.122310806221789,0,0.881351802630482,0.7638067691807338,2,11,0,0,1,1,1,0,3,15,26,41,0.709636041129472,0,3,3,7,0.7360923727628098,0.7949491226277627,1,6,15
133,BD4 0NQ,419796,430765,E02002234,53.772852,-1.701121,0.8531096060882212,0.6284998011137315,0.6131313073070074,0.5848219729114202,0.8531096060882212,0.7357205522094934,1.107015738106578,0,0.8531096060882212,0.759530284102609,2,11,0,0,1,1,1,0,6,15,25,41,0.713926353061303,0,3,3,7,0.7498157163531969,0.8105571795807622,2,6,15
134,BD4 0NR,419785,430855,E02002234,53.773661,-1.701282,0.9395514887434323,0.6608214584893563,0.6490092449264494,0.5002722658713011,0.9395514887434323,0.7903040865290947,1.1635959671976568,0,0.9395514887434323,0.8169715234065006,2,11,0,0,1,1,1,0,1,14,25,41,0.7581876046970368,0,3,3,7,0.7338981405466649,0.8142491240501738,1,6,15
135,BD4 0NS,419735,430909,E02002234,53.774148,-1.702037,0.9860431025061734,0.6505144118311292,0.6418979669698293,0.42883602926993514,1.4875734955978703,0.7520132245387929,1.1925561899079011,0,1.4875734955978703,0.799724399036736,2,12,0,0,1,1,2,0,2,14,28,43,0.7574386532636136,0,3,3,7,0.6912989050915154,0.7909266605652341,2,5,15
136,BD4 0NT,419715,430903,E02002234,53.774095,-1.702341,0.9780577692549658,0.6310982490864635,0.6228523099419316,0.42532615720174577,1.4733296364305026,0.737679019997348,1.1849828136687586,0,1.4733296364305026,0.7846188559040854,2,12,0,0,1,1,2,0,3,15,28,43,0.7391636672314716,0,3,3,7,0.6806827127982624,0.7776023413129249,2,6,15
137,BD4 0NU,419731,430876,E02002234,53.773852,-1.7021,0.9528032325721822,0.6275109560796528,0.6178284551556362,0.4565684395575373,1.467419234696576,0.7562132236847895,1.1681053419555574,0,1.467419234696576,0.790550346552462,2,11,0,0,1,1,2,0,1,15,27,43,0.7316145402418079,0,3,3,7,0.6960457205443125,0.7828566100028825,2,6,15
138,BD4 0NW,419750,430774,E02002234,53.772935,-1.701818,0.8540497643580263,0.5907698367384713,0.5766567436525822,0.5575000807174875,1.424490956790069,0.7093510834581692,1.1024762534889314,0,1.424490956790069,0.7343617525180097,2,11,0,0,1,1,2,0,8,16,26,41,0.6812480622971286,0,3,3,7,0.7251886228962712,0.7811264162526124,2,6,15
139,BD4 0NX,419759,430848,E02002234,53.773599,-1.701677,0.9285741758201118,0.6350511790399258,0.6236024374551467,0.49404649578759813,0.9285741758201118,0.7681844289881393,1.1536181955553317,0,0.9285741758201118,0.7951728352141144,2,11,0,0,1,1,1,0,1,15,26,43,0.7338063106564305,0,3,3,7,0.7192774469405048,0.7962395904325907,1,6,15
140,BD4 0NY,419558,430643,E02002234,53.771764,-1.70474,0.7172307857307856,0.3617347094211447,0.34571953951143697,0.5550207203339349,1.2600799900626365,0.4885131394976774,0.9588707757340376,0,1.2600799900626365,0.5145814413526305,3,11,0,1,1,1,2,1,14,17,28,40,0.4504300789360515,1,3,3,8,0.6033008402927759,0.6301833272272503,5,6,15
141,BD4 0NZ,419700,430800,E02002234,53.77317,-1.702575,0.8741378609807494,0.5596114723627457,0.5477891930295814,0.5155175457731811,1.4100854616962886,0.6945116182874554,1.1098035089494136,0,1.4100854616962886,0.7218267957506143,3,11,0,0,1,1,2,0,9,17,27,42,0.6580110637790552,0,3,3,8,0.6974260296545196,0.7531536773873094,2,6,15
142,BD4 0PA,419694,430872,E02002234,53.773817,-1.702662,0.9454485707853177,0.5954435321674088,0.5866932759116982,0.445710601175251,1.44513879063206,0.7287343560254327,1.1592134166438428,0,1.44513879063206,0.7642806514983608,2,11,0,0,1,1,2,0,2,16,27,43,0.7024104112871697,0,3,3,8,0.6758613309840285,0.7599148782303943,2,6,15
143,BD4 0PB,419670,430922,E02002234,53.774268,-1.703023,0.993974345745402,0.6093217540839979,0.6031823936422548,0.39046938420317046,1.4599177882339482,0.6993081677453736,1.18168373612215,1,1.4599177882339482,0.758075878294208,2,12,0,0,1,1,2,0,3,16,28,43,0.7229013983194774,0,3,3,8,0.6512898992610822,0.7547642693700154,2,6,15
144,BD4 0PD,419742,430994,E02002234,53.774912,-1.701926,1.071298744515273,0.7110731326663946,0.705002836873725,0.3597987493030025,1.071298744515273,0.7429678865026353,1.2571542872889132,1,1.071298744515273,0.8240103645845762,1,11,0,0,0,1,1,0,3,12,28,43,0.8243084993785158,0,3,3,6,0.6804591440512088,0.8123881916052784,2,3,15
145,BD4 0PE,419466,430912,E02002234,53.774185,-1.706119,0.9959362429392757,0.4711103904606647,0.47366760497209437,0.3828246857244167,1.3590028304099866,0.5652083999147101,1.051564567449953,1,1.3590028304099866,0.6369511098837604,3,12,0,0,1,1,2,0,14,17,33,44,0.6018636499751929,0,3,3,5,0.5727686630344788,0.6624379364520387,4,7,15
146,BD4 0PF,419479,430847,E02002234,53.773601,-1.705925,0.9296951113133811,0.42460923211819124,0.4240860761685062,0.44507520712796245,1.3290951879936213,0.5901998712962456,1.018084746154507,0,1.3290951879936213,0.6303293955681928,3,12,0,0,1,1,2,0,16,17,32,44,0.5506210970133986,0,3,3,8,0.5945988142790734,0.6544631360092501,5,7,15
147,BD4 0PG,419365,430788,E02002234,53.773075,-1.707659,0.897776141362645,0.3135123602029113,0.31865341673988057,0.5286798085798208,1.2543120087412682,0.5000230687781209,0.9067977938962448,0,1.2543120087412682,0.5411174274366473,3,12,0,0,1,1,2,1,17,21,33,44,0.4477839521604628,1,3,4,6,0.5860141022092872,0.6124410695520401,6,9,15
148,BD4 0PH,419300,430800,E02002234,53.773185,-1.708644,0.9300091397400351,0.30127230207903283,0.31252679885091456,0.5422161377163119,1.238309923530518,0.4893742196516173,0.8792913777065672,0,1.238309923530518,0.5299841288278109,3,12,0,0,1,2,2,1,17,24,34,45,0.44082256259896724,1,3,4,6,0.5719294607953359,0.6049290664519124,5,9,15
149,BD4 0PJ,419274,430924,E02002234,53.7743,-1.709031,1.0554283490602288,0.41824514342667507,0.4328429276307977,0.44848404653899776,1.2943452266014432,0.4802425376928075,0.9561554809369708,0,1.2943452266014432,0.5591194047860494,3,13,0,0,0,2,2,0,16,22,39,45,0.559062908688995,0,3,4,5,0.5339378747042918,0.6219668529945529,6,9,14
150,BD4 0PL,419363,430927,E02002234,53.774324,-1.70768,1.0320721873977614,0.44114056716652117,0.4502010661915407,0.4004616585891788,1.3269451946466946,0.5100512716880394,1.0015415154923404,0,1.3269451946466946,0.5955189041792103,3,13,0,0,0,1,2,0,16,21,39,45,0.5792423010249813,0,3,4,5,0.5423227068402932,0.6407673843439228,4,9,14
151,BD4 0PN,419672,430992,E02002234,53.774897,-1.702988,1.063994830814511,0.6601431662904645,0.6562202374203343,0.32649523733127134,1.5004534908180047,0.6882941011513738,1.2281814773862998,1,1.5004534908180047,0.7758907333845081,2,11,0,0,0,1,2,0,3,14,32,43,0.7786120977211153,0,3,3,6,0.6381163295723549,0.7699010534344309,2,5,15
152,BD4 0PQ,419375,430855,E02002234,53.773677,-1.707503,0.959414925879309,0.3783186487605389,0.38490648214858636,0.4621886411412512,1.292492286862931,0.5354713099720033,0.9578416875620439,0,1.292492286862931,0.5853200235917605,3,12,0,0,1,1,2,1,17,21,33,44,0.5141364383746786,1,3,4,6,0.5662745229359857,0.6276456596454519,5,9,15
153,BD4 0PW,419617,431095,E02002234,53.775825,-1.703816,1.166034733616456,0.5937305786297351,0.7074666069857997,0.21004080555930532,1.5334483059090085,0.6351238751460767,1.083057564578262,1,1.5334483059090085,0.7705783451764168,1,12,0,0,0,1,2,0,3,12,36,43,0.8342602958668823,0,3,3,4,0.5884115155980371,0.7509416623876021,2,4,15
154,BD4 0QE,419372,430364,E02002234,53.769264,-1.707579,0.5037271086610289,0.20862646045025066,0.16200308639035246,0.22019309707617993,1.0777451257437458,0.2142502344092655,0.7364353388521611,4,1.0777451257437458,0.21639184798633082,3,10,0,1,1,1,2,12,15,20,28,35,0.19692921560618445,3,3,6,8,0.2818308483315116,0.4322674514542737,4,8,13
155,BD4 0QF,419901,430880,E02002234,53.773882,-1.69952,0.989962625557147,0.7737454361739395,0.7604340865584605,0.5482779769423614,0.989962625557147,0.887776522942303,1.2066608877247242,0,0.989962625557147,0.9121473333491324,1,10,0,0,1,1,1,0,1,11,25,40,0.8650948696181957,0,3,3,6,0.8085663919768141,0.8995094543079203,1,3,15
156,BD4 0QQ,419821,430942,E02002234,53.774442,-1.70073,1.0315977898386561,0.739114334863017,0.7293668487119496,0.4490954686923557,1.0315977898386561,0.815364054581006,1.232039575149304,0,1.0315977898386561,0.8681528577615347,1,10,0,0,0,1,1,0,1,11,25,42,0.8422242251620593,0,3,3,7,0.7414387696472818,0.8535970561607402,1,3,15
157,BD4 0QU,419852,430951,E02002234,53.774522,-1.700259,1.0466900209708698,0.7695869021754463,0.7594116143436311,0.462823011528173,1.0466900209708698,0.8398215390195671,1.2448205523457048,0,1.0466900209708698,0.8927351479037539,1,10,0,0,0,1,1,0,1,11,25,41,0.8712220415748341,0,3,3,6,0.7621045483121782,0.8770829441393927,1,3,15
158,BD4 0QW,419899,430810,E02002234,53.773252,-1.699555,0.9223285748582226,0.7408981036552867,0.7254157428674953,0.6010323951335805,0.9223285748582226,0.840607242219796,1.1606021907618482,0,0.9223285748582226,0.86388292828375,1,10,0,0,1,1,1,0,1,13,25,40,0.8245354445578453,0,3,3,6,0.8207559821178447,0.8879165605658329,1,4,14
159,BD4 0QX,419828,431059,E02002234,53.775493,-1.700617,1.1479128886810184,0.7971455325095914,0.8118189453320241,0.37194561430403617,1.1479128886810184,0.8075893143204091,1.320649101814252,1,1.1479128886810184,0.9035839240009962,0,11,0,0,0,1,1,0,1,3,27,42,0.9299377561818658,0,2,3,5,0.7342158555506432,0.8861959442173309,2,2,15
160,BD4 0QY,419891,431009,E02002234,53.775041,-1.699664,1.1120364202668904,0.8352011733708233,0.8258480489775344,0.4523745571979135,1.1120364202668904,0.8656106611442091,1.295216233638003,0,1.1120364202668904,0.9361634470565379,0,10,0,0,0,1,1,0,0,3,23,41,0.9389334590033399,0,2,3,5,0.785046568943204,0.9182724101862325,1,2,15
161,BD4 0QZ,419764,430953,E02002234,53.774543,-1.701594,1.0332569864269006,0.7006425622241343,0.6926831887666973,0.4060344074090339,1.0332569864269006,0.7668678119817536,1.2296917858110743,0,1.0332569864269006,0.829709408962414,2,11,0,0,0,1,1,0,2,14,26,43,0.8090420678341022,0,3,3,7,0.7012547742173032,0.8176943951181016,2,5,15
162,BD4 0RA,419500,431900,E02002234,53.783064,-1.705541,1.975023291001906,0.6184454785993901,1.43054989427143,0.612518032387618,1.975023291001906,0.6275779601074659,1.5585255658349662,0,1.975023291001906,0.6543861103952986,0,10,0,0,0,0,1,0,5,12,33,91,1.5585255658349662,0,0,2,3,0.6663422260878936,0.7402497428762528,4,7,28
163,BD4 0RB,419512,431883,E02002234,53.782926,-1.705363,1.957322661187981,0.6222877148072264,1.4160176552571653,0.594956418571982,1.957322661187981,0.6279514574263536,1.5441640971039878,0,1.957322661187981,0.662445135226314,0,9,0,0,0,0,1,0,5,12,32,90,1.5441640971039878,0,0,2,3,0.6622012189738842,0.7417291421025496,4,7,28
164,BD4 0RD,419556,431906,E02002234,53.783116,-1.70469,1.9782388632316372,0.6687847187249422,1.4473689923443849,0.617846858048174,1.9782388632316372,0.6735189530450416,1.5758918237767938,0,1.9782388632316372,0.6970092010534011,0,9,0,0,0,0,1,0,5,9,32,88,1.5758918237767938,0,0,2,3,0.6998071742588942,0.7801395255589506,4,4,28
165,BD4 0RG,419778,431615,E02002234,53.780492,-1.70134,1.6928378540191025,0.7042911329840807,1.2422117371849295,0.40682372103898473,1.6928378540191025,0.7825236182817934,1.3707370023279073,0,1.6928378540191025,0.9027228012709979,0,10,0,0,0,0,1,0,2,3,31,59,1.3707370023279073,0,0,3,3,0.7174263378353888,0.8786539413926053,2,2,17
166,BD4 0RH,419878,431111,E02002234,53.775974,-1.699858,1.2085644376697504,0.8230340211680195,0.8839242048954198,0.3859398139606848,1.2085644376697504,0.8485065638282984,1.3698121427320489,1,1.2085644376697504,0.9566127181188383,0,11,0,0,0,1,1,0,0,3,25,41,1.0019796540365644,0,2,3,5,0.7722366574984676,0.9376507390351444,1,2,15
167,BD4 0RQ,419737,431268,E02002234,53.777375,-1.701984,1.3435929443101433,0.6434757182675971,0.9177559588474488,0.20273909341812865,1.3435929443101433,0.7370988790267957,1.2813067961602995,1,1.3435929443101433,0.8762202789500979,0,13,0,0,0,1,1,0,2,3,35,43,1.0441102666596382,0,1,3,4,0.6343817248703925,0.8450380127003391,2,2,14
168,BD4 0SZ,419654,430823,E02002234,53.773379,-1.703272,0.8944383712699271,0.5340599217316349,0.5246046130182235,0.4803956078067354,1.397896218070264,0.681062092758219,1.1137434935134962,0,1.397896218070264,0.7111658204550293,3,11,0,0,1,1,2,0,11,17,27,43,0.6396493304857801,0,3,3,8,0.6675029150260915,0.7297987082520637,3,6,15
169,BD4 0TF,419782,430644,E02002234,53.771765,-1.701341,0.7318203331419536,0.5760425331518498,0.5561735340700779,0.6901022677835552,0.7318203331419536,0.6515668138524378,1.0335337295119487,0,0.7318203331419536,0.6706912197020325,3,12,0,1,1,1,1,0,11,14,25,34,0.6435025453597437,0,3,3,7,0.7212279324769175,0.7576174869616606,3,6,13
170,BD4 0TG,419807,430652,E02002234,53.771836,-1.700961,0.7453120151990038,0.6022242107388245,0.5824087911424415,0.6920644045173876,0.7453120151990038,0.6758078821004445,1.0442900879497408,0,0.7453120151990038,0.6948055736458757,3,12,0,1,1,1,1,0,10,13,25,34,0.6693784324104095,0,3,3,7,0.7378636798276167,0.7770165860586684,3,6,13
171,BD4 0TJ,419522,431587,E02002234,53.78025,-1.705226,1.661258559044919,0.4533100484216073,1.1290039858211307,0.29879615124696585,1.8171384888053708,0.5394814052504584,1.424342385873015,1,1.8171384888053708,0.6856088266846119,0,12,0,0,0,0,2,0,3,6,38,72,1.2578776916845404,0,0,3,4,0.521628129721078,0.6730677319608488,3,5,23
172,BD4 0TL,419417,431487,E02002234,53.779355,-1.706826,1.571955788182352,0.3222483514310042,1.0094181492325172,0.23107821186775107,1.7034429724456577,0.43874993058393796,1.298902990862796,2,1.7034429724456577,0.6040743558404542,0,13,0,0,0,1,2,2,4,7,42,66,1.1373216190328617,0,0,3,4,0.4363622084236602,0.5982964556311207,4,5,21
173,BD4 0TN,419453,431451,E02002234,53.77903,-1.706282,1.5318005744874232,0.34988569562072697,0.9808756292211567,0.1821525185112687,1.6923132459181867,0.474643432764663,1.2818345728594838,2,1.6923132459181867,0.6393941985122401,0,13,0,0,0,1,2,2,3,6,42,65,1.1093990358093955,0,1,3,4,0.4389951413315694,0.6193839280937935,4,5,21
174,BD4 0TP,419472,431397,E02002234,53.778544,-1.705997,1.4760555545100598,0.3650054794109261,0.9325502667416915,0.12561504686938793,1.6627366071036445,0.5017235913502752,1.2442975692573746,2,1.6627366071036445,0.6510001518868883,0,13,0,0,0,1,2,2,3,5,42,62,1.0614160008142781,0,1,3,4,0.42848014922293853,0.6330937799672854,3,4,19
175,BD4 0TQ,419841,430732,E02002234,53.772554,-1.70044,0.8312845481542406,0.657943766594076,0.6406527920800783,0.6349368000045416,0.8312845481542406,0.7484953601484955,1.0980336689053563,0,0.8312845481542406,0.7701759192269007,2,12,0,0,1,1,1,0,4,13,25,37,0.7353450033565188,0,3,3,7,0.7716421043703008,0.8278378488783054,1,6,14
176,BD4 0TW,419506,431393,E02002234,53.778507,-1.705481,1.4689097998175382,0.3990451102319135,0.9374870665774542,0.10852990371321314,1.6742248824044825,0.5340671822445765,1.2555142052285428,1,1.6742248824044825,0.6784485933064794,0,13,0,0,0,1,2,1,3,5,41,62,1.0666023708164616,0,1,3,4,0.44524317718502193,0.654024571668844,2,4,17
177,BD4 0YP,419654,430823,E02002234,53.773379,-1.703272,0.8944383712699271,0.5340599217316349,0.5246046130182235,0.4803956078067354,1.397896218070264,0.681062092758219,1.1137434935134962,0,1.397896218070264,0.7111658204550293,3,11,0,0,1,1,2,0,11,17,27,43,0.6396493304857801,0,3,3,8,0.6675029150260915,0.7297987082520637,3,6,15
178,BD4 0YR,419654,430823,E02002234,53.773379,-1.703272,0.8944383712699271,0.5340599217316349,0.5246046130182235,0.4803956078067354,1.397896218070264,0.681062092758219,1.1137434935134962,0,1.397896218070264,0.7111658204550293,3,11,0,0,1,1,2,0,11,17,27,43,0.6396493304857801,0,3,3,8,0.6675029150260915,0.7297987082520637,3,6,15
179,BD4 0YS,419800,430700,E02002234,53.772268,-1.701064,0.7903904098608484,0.6087405030060018,0.5908240008665863,0.6452893459526557,0.7903904098608484,0.6979001086928999,1.0690292157960335,0,0.7903904098608484,0.7191502723698845,3,12,0,1,1,1,1,0,9,15,25,36,0.6842985153878776,0,3,3,7,0.7406209760360185,0.7889908356353972,2,6,14
180,BD4 0YT,419654,430823,E02002234,53.773379,-1.703272,0.8944383712699271,0.5340599217316349,0.5246046130182235,0.4803956078067354,1.397896218070264,0.681062092758219,1.1137434935134962,0,1.397896218070264,0.7111658204550293,3,11,0,0,1,1,2,0,11,17,27,43,0.6396493304857801,0,3,3,8,0.6675029150260915,0.7297987082520637,3,6,15
181,BD4 0YU,419655,430815,E02002234,53.773307,-1.703257,0.8864744779180053,0.5302122216622321,0.5203777474104748,0.4883956797515748,1.3941773895468246,0.6757681004940067,1.1095865077528981,0,1.3941773895468246,0.7055021137705116,3,11,0,0,1,1,2,0,10,17,27,43,0.6347904407199252,0,3,3,8,0.6701571276962239,0.7292326269536731,3,6,15
182,BD4 0YY,419800,430700,E02002234,53.772268,-1.701064,0.7903904098608484,0.6087405030060018,0.5908240008665863,0.6452893459526557,0.7903904098608484,0.6979001086928999,1.0690292157960335,0,0.7903904098608484,0.7191502723698845,3,12,0,1,1,1,1,0,9,15,25,36,0.6842985153878776,0,3,3,7,0.7406209760360185,0.7889908356353972,2,6,14
183,BD4 0YZ,419654,430823,E02002234,53.773379,-1.703272,0.8944383712699271,0.5340599217316349,0.5246046130182235,0.4803956078067354,1.397896218070264,0.681062092758219,1.1137434935134962,0,1.397896218070264,0.7111658204550293,3,11,0,0,1,1,2,0,11,17,27,43,0.6396493304857801,0,3,3,8,0.6675029150260915,0.7297987082520637,3,6,15
184,BD4 9AA,418657,430852,E02002234,53.773676,-1.718397,0.9124273560125115,0.30450779957170226,0.6911584478250989,0.32897720285758403,1.1253343696606088,0.3270284492178369,0.832372240137706,2,1.1253343696606088,0.3636886894080836,3,15,0,0,1,2,2,3,19,28,40,46,0.7374857303976329,0,4,6,8,0.4058795480816937,0.5186300529824053,5,8,16
185,BD4 9AB,418569,430862,E02002234,53.773769,-1.719732,0.8274846705528658,0.23217450333746814,0.7568830821203496,0.2884614358974177,1.1186781479572754,0.27860931473654377,0.8495305767350116,2,1.1186781479572754,0.3255687851772006,2,16,0,0,1,2,2,4,18,26,41,45,0.77695749453467,0,4,8,8,0.380288312728192,0.5263230495004921,5,7,16
186,BD4 9AD,418612,430950,E02002234,53.774558,-1.719074,0.889685270193896,0.3211790777743781,0.7829361404354764,0.38640522770790775,1.164328041481261,0.3734619035062181,0.8970525192336091,1,1.164328041481261,0.41237212220080705,1,15,0,0,1,2,2,2,16,25,43,47,0.8115319224927892,0,4,8,8,0.41413245863248954,0.5378229042534408,4,7,17
187,BD4 9AE,418768,430891,E02002234,53.774022,-1.716711,1.0284302990480108,0.4219253488473998,0.6234115815414405,0.43499425283559784,1.1587320228485134,0.4351115293505505,0.8471282791050266,0,1.1587320228485134,0.4490166263793417,3,14,0,0,0,2,2,0,19,28,40,46,0.6871226582729162,0,4,6,8,0.4651797746319397,0.5301405791954008,5,9,16
188,BD4 9AF,418898,430943,E02002234,53.774485,-1.714735,1.1659749911554618,0.5016143937328753,0.5702648507491935,0.4618878327039706,1.2071228975539365,0.5107652976557707,0.8825052745104903,0,1.2071228975539365,0.5225633950398094,3,14,0,0,0,2,2,0,19,28,42,46,0.6556350371267028,0,3,5,8,0.5093386439890388,0.5605598379921057,6,9,16
189,BD4 9AG,418711,430774,E02002234,53.772973,-1.717582,0.9571618880837135,0.318750686273771,0.6056566684186676,0.318750686273771,1.1013268793959143,0.3271788113922778,0.7833311880820972,2,1.1013268793959143,0.3373413678629836,3,13,0,0,1,2,2,6,22,28,40,44,0.647079306096405,0,4,6,8,0.4198031292856173,0.5158331722528422,5,9,16
190,BD4 9AH,418842,430778,E02002234,53.773004,-1.715595,1.0881319221491375,0.34420473558624204,0.49580338845151106,0.4366062299143245,1.1218758346489133,0.37425650274636496,0.7754863326060517,0,1.1218758346489133,0.3995055076664614,3,13,0,0,0,2,2,2,25,27,39,44,0.5551108026839072,0,3,5,8,0.47775414416773515,0.5402417556783625,7,9,16
191,BD4 9AJ,418800,430824,E02002234,53.773419,-1.716229,1.0503591195395878,0.38562792948643093,0.5568060703692086,0.4207196216008947,1.134133786292609,0.4078333071103745,0.8043252785603049,0,1.134133786292609,0.4167285130380058,3,14,0,0,0,2,2,1,23,28,40,46,0.616543480364033,0,4,5,8,0.47852130834973045,0.5310503046823836,5,9,16
192,BD4 9AL,418809,430856,E02002234,53.773721,-1.716094,1.0633195568595448,0.418042222747884,0.5695085600761414,0.4457555383839891,1.1494821639096124,0.4374344636579767,0.8235220029505765,0,1.1494821639096124,0.44320207786342897,3,14,0,0,0,2,2,0,22,28,40,46,0.634457491045314,0,4,5,8,0.4858074351384268,0.5341618092429002,5,8,16
193,BD4 9AN,418929,430778,E02002234,53.773001,-1.714275,1.098458010121461,0.3689451178698518,0.42769147758635545,0.5174881641158569,1.1367086387502683,0.383010734084531,0.7746582911634358,0,1.1367086387502683,0.4147685689886146,3,13,0,0,0,2,2,3,26,27,39,46,0.5010509208984377,0,3,5,8,0.5222606336482896,0.5662614271164721,8,9,16
194,BD4 9AP,418893,430864,E02002234,53.773775,-1.714816,1.1476175669620856,0.43902084232983196,0.5135172830587107,0.5210777293264413,1.167844556814602,0.46098477285061507,0.8284713685404681,0,1.167844556814602,0.47928040208129064,3,14,0,0,0,2,2,0,23,27,39,46,0.5911702064820307,0,3,5,8,0.5308452513299624,0.5546444932531771,7,9,16
195,BD4 9AQ,418795,430723,E02002234,53.772511,-1.716311,1.0389263111501104,0.2845088750812422,0.5076071315495873,0.37283910739084225,1.0941363235583883,0.32139378243880307,0.7486450127149753,2,1.0941363235583883,0.3416752158824393,3,13,0,0,0,2,2,6,27,28,37,44,0.551237471748132,0,4,5,8,0.42488924041364207,0.5312478674956097,7,9,16
196,BD4 9AR,419037,430848,E02002234,53.773626,-1.712632,1.0915502736933373,0.3861942516402853,0.41332311815334016,0.5118540514638652,1.1900549828763216,0.4508393126231941,0.8302589275063958,0,1.1900549828763216,0.48160071558190237,3,13,0,0,0,2,2,1,24,27,39,46,0.5118588219222049,0,3,5,8,0.5775132705959474,0.6073512780623699,8,9,15
197,BD4 9AS,419154,430805,E02002234,53.773235,-1.710859,0.9950678368834961,0.3037103883636515,0.3265241185578793,0.5443812083457443,1.1981565129960434,0.4415933447483047,0.8252670327135944,0,1.1981565129960434,0.47883576479819945,3,13,0,0,1,2,2,1,21,25,36,45,0.441120433953664,1,3,5,6,0.570760279434422,0.6070981034643891,8,9,14
198,BD4 9AT,419062,430730,E02002234,53.772565,-1.71226,0.979641260870529,0.2728387802347753,0.30144485399488913,0.45929260825750107,1.1428236702444161,0.35601923299179444,0.7543490916740718,0,1.1428236702444161,0.38713862070021837,3,12,0,0,1,2,2,3,23,26,36,43,0.39474149586013757,2,3,5,6,0.5579083928328047,0.5866575674502063,9,9,15
199,BD4 9AU,419133,430717,E02002234,53.772445,-1.711183,0.9295122376816779,0.22624102192131293,0.2522320360303187,0.45399526429245635,1.153175010214392,0.36087935346719147,0.7586562589775742,0,1.153175010214392,0.39748960038899256,3,12,0,0,1,2,2,1,21,25,35,43,0.3596135647991264,2,3,5,7,0.536621353185441,0.5894814643587811,8,9,14
200,BD4 9AX,419166,430659,E02002234,53.771923,-1.710686,0.8628441342444184,0.16011246047700348,0.18560711193270588,0.40543914463206343,1.1367271216907922,0.323754330647434,0.7281678666927462,0,1.1367271216907922,0.36009365656236425,3,11,0,0,1,2,2,1,21,24,34,43,0.2967713359330193,2,3,5,6,0.4788276726234922,0.5639933594530943,8,9,15
201,BD4 9AY,419027,430649,E02002234,53.771838,-1.712796,0.9365900917690727,0.2400520776831561,0.27027578507887084,0.378722193698736,1.1043519379940334,0.287158537101755,0.7020320048018331,1,1.1043519379940334,0.31357158346631,3,12,0,0,1,2,2,5,23,27,35,43,0.3429226625806071,2,3,5,7,0.48813758504654264,0.5284117613230604,7,9,15
202,BD4 9AZ,419027,430649,E02002234,53.771853,-1.712799,0.9365900917690727,0.2400520776831561,0.27027578507887084,0.378722193698736,1.1043519379940334,0.287158537101755,0.7020320048018331,1,1.1043519379940334,0.31357158346631,3,12,0,0,1,2,2,5,23,27,35,43,0.3429226625806071,2,3,5,7,0.48813758504654264,0.5284117613230604,7,9,15
203,BD4 9BA,418955,430713,E02002234,53.772416,-1.713884,1.031938467157805,0.3231830750518993,0.3662034953410467,0.4519204576028636,1.1153772498749752,0.32928645494946734,0.7364159380731106,0,1.1153772498749752,0.3591136398732455,3,12,0,0,0,2,2,4,24,27,36,44,0.43465639236131137,1,3,5,8,0.5029108805630761,0.5541123769660563,7,9,16
204,BD4 9BB,418957,430619,E02002234,53.771571,-1.71386,0.9610728380305001,0.24500795905442077,0.31658963975468307,0.35997569362386944,1.082539218012059,0.25082164504648824,0.6866269629378213,1,1.082539218012059,0.2813941827232508,3,11,0,0,1,2,2,6,22,27,34,42,0.36580394686427514,2,3,5,6,0.4644512487016037,0.497693634507958,7,9,16
205,BD4 9BD,419027,430544,E02002234,53.770894,-1.712802,0.8585021840391555,0.19811612756158947,0.22606193841511665,0.2739607636140398,1.0698438799902132,0.219673090456651,0.6499910475369871,1,1.0698438799902132,0.24085294366773038,3,11,0,0,1,2,2,8,21,25,33,42,0.26894558760985193,3,3,5,7,0.3900685706248734,0.4690968863002513,6,9,15
206,BD4 9BE,419084,430563,E02002234,53.771063,-1.711936,0.8340983155479934,0.14818906842274163,0.177792013318934,0.2942252538447126,1.0848311731053408,0.23999599686596518,0.6587184597561098,1,1.0848311731053408,0.26568081575961056,3,11,0,0,1,2,2,9,21,25,33,42,0.2450489347699216,3,3,5,6,0.39286147333815735,0.4878928648859036,7,9,15
207,BD4 9BG,419012,430602,E02002234,53.771416,-1.713026,0.9110021953870364,0.22967150454507848,0.25947061490658246,0.33312775327190236,1.0855837668727237,0.25239290612992,0.6769351213087609,1,1.0855837668727237,0.2754810702496453,3,11,0,0,1,2,2,7,21,27,34,42,0.3170316408727446,3,3,5,7,0.4486463096997732,0.497579927759479,7,9,15
208,BD4 9BJ,419199,430695,E02002234,53.772245,-1.710183,0.8769749141224052,0.18741664813991313,0.2085976989326584,0.4499454411370081,1.1599115833558473,0.36382244788651275,0.7625795661460254,0,1.1599115833558473,0.40126657384511977,3,12,0,0,1,2,2,1,20,24,34,43,0.32788373526568443,2,3,5,6,0.5152182167914173,0.5788697187491139,8,9,15
209,BD4 9BL,419246,430715,E02002234,53.772423,-1.709469,0.8730383725816409,0.20739334608419818,0.2230022421411946,0.48595483329212263,1.1814304695991025,0.39370891645267814,0.7947843076953118,0,1.1814304695991025,0.4335967453783445,3,12,0,0,1,2,2,1,18,24,34,45,0.3486121765044405,2,3,5,6,0.5396942383076071,0.5833045958313274,6,9,15
210,BD4 9BN,419227,430881,E02002234,53.773916,-1.709747,1.032233016329162,0.3720336006330611,0.38951379949881104,0.48914923080792383,1.2566565610989193,0.483661841538161,0.9051503874193516,0,1.2566565610989193,0.5361199484802915,3,13,0,0,0,2,2,1,17,24,39,45,0.5128149268431127,1,3,5,5,0.5452512676386907,0.6188024369859646,6,9,14
211,BD4 9BS,419178,430938,E02002234,53.77443,-1.710487,1.103985960055652,0.4312505072460785,0.45130588296630925,0.4231670710251259,1.2722305588863532,0.45985277196261304,0.9300097798322455,0,1.2722305588863532,0.5296445678394466,3,14,0,0,0,2,2,0,16,25,39,46,0.5705229253476337,0,3,5,6,0.5320729407693787,0.6095531504467117,5,9,15
212,BD4 9BT,419139,431090,E02002234,53.775797,-1.711069,1.2590035742602164,0.31065253902068785,0.6076742548438268,0.2670725931277659,1.346958768418878,0.4078483441261564,1.0347348119178834,1,1.346958768418878,0.5209129276856238,2,14,0,0,0,2,2,2,7,22,41,46,0.7248456466836808,0,3,4,8,0.4195499894639435,0.5865987070653276,3,9,15
213,BD4 9BU,419205,431026,E02002234,53.77522,-1.710072,1.1750106382497139,0.38565917595721744,0.5356491388959754,0.34349580783466527,1.3292785459266832,0.43470728248211415,1.005954879653656,1,1.3292785459266832,0.5496541946041261,3,14,0,0,0,2,2,1,10,23,40,46,0.6573573973559947,0,3,4,8,0.46808163323353336,0.6065049926014607,4,9,15
214,BD4 9BX,419142,430903,E02002234,53.774117,-1.711035,1.0876267742199068,0.4020397990249224,0.42420042432793487,0.45348381448512654,1.243623375606826,0.4705864140069635,0.8929625296027364,0,1.243623375606826,0.516361092928823,3,14,0,0,0,2,2,0,21,25,39,46,0.539313750044361,0,3,5,6,0.5477182613726747,0.6113720745654294,8,9,15
215,BD4 9BY,419068,430873,E02002234,53.77385,-1.71216,1.0965856099730653,0.39523663797780695,0.42095367916197146,0.4836428124142607,1.2094360723650892,0.47844406324059896,0.8533777105896408,0,1.2094360723650892,0.49930736294250033,3,14,0,0,0,2,2,1,21,26,39,46,0.5255568035295347,0,3,5,8,0.5704532050061646,0.607900893250955,8,9,15
216,BD4 9DA,419043,430940,E02002234,53.774453,-1.712535,1.1670518411793025,0.4634403953045095,0.49226009385283304,0.4199440081724916,1.237405970751754,0.46930513028979215,0.8973664061353188,0,1.237405970751754,0.5088471123371839,3,14,0,0,0,2,2,0,18,27,39,46,0.5964399151938486,0,3,5,8,0.5337573136200906,0.5918863554330326,6,10,15
217,BD4 9DB,418966,430963,E02002234,53.774662,-1.713702,1.2266849636316572,0.4582324737510427,0.5484541913414465,0.41654623993018497,1.2316576279993865,0.48359468570720515,0.9027281989267414,0,1.2316576279993865,0.5153043416606283,3,14,0,0,0,2,2,0,15,28,41,46,0.6439638291449236,0,3,5,8,0.5220751823465144,0.574827817090148,6,9,16
218,BD4 9DD,419021,431070,E02002234,53.775622,-1.712861,1.2914743512745424,0.34005440741151993,0.6206126005810709,0.2976732604719187,1.3036948642464967,0.4211291131927898,0.9915886038947176,1,1.3036948642464967,0.5067188491157296,2,14,0,0,0,2,2,2,11,26,41,46,0.7268434486885662,0,3,5,8,0.44136569657626323,0.5659346364512698,6,9,15
219,BD4 9DE,419000,430900,E02002234,53.774095,-1.71319,1.1552995282609613,0.44962762370655124,0.4769412961780517,0.4674179821102028,1.2070075081838878,0.48976473887597993,0.8616185658287011,0,1.2070075081838878,0.5026426923664286,3,14,0,0,0,2,2,0,19,28,40,46,0.5732596786042287,0,3,5,8,0.5612117161837241,0.5923715382977646,8,10,16
220,BD4 9DG,419000,431000,E02002234,53.774994,-1.713184,1.2405309347210975,0.41309805131469696,0.5648654707096195,0.37075540454587913,1.2592108249616465,0.4595245865522656,0.9347017548158713,1,1.2592108249616465,0.5184830500524884,3,14,0,0,0,2,2,0,14,28,40,46,0.6663463294278599,0,3,5,8,0.49444311903546956,0.573930361118653,6,9,15
221,BD4 9DH,419062,430989,E02002234,53.774892,-1.712244,1.2007064587150351,0.41246211947280687,0.5303150007306978,0.36880668377888826,1.2683259982635517,0.4484665373886813,0.9376517930295499,1,1.2683259982635517,0.5173107781706341,3,14,0,0,0,2,2,0,15,27,40,46,0.6384739458516637,0,3,5,8,0.4942450943424261,0.5862596169555265,6,9,15
222,BD4 9DJ,419106,430927,E02002234,53.774334,-1.71158,1.1253461689631328,0.43379718763495917,0.4572810951701371,0.428100420462279,1.246494713270824,0.46426916237151705,0.9012213005360332,0,1.246494713270824,0.5128645105237817,3,14,0,0,0,2,2,0,20,27,39,46,0.5687515413839593,0,3,5,8,0.5394980037694752,0.6031845788809574,7,9,15
223,BD4 9DL,419141,430993,E02002234,53.774925,-1.711045,1.169325018974622,0.40742115801710643,0.5120908122589195,0.36373035342130133,1.29169530222043,0.44028791026828934,0.9602591188829278,1,1.29169530222043,0.5282981085452843,3,14,0,0,0,2,2,0,11,26,40,46,0.628426056499184,0,3,5,8,0.48828449642853194,0.5986533125269367,4,9,15
224,BD4 9DN,419124,431056,E02002234,53.775492,-1.711299,1.2337475430573306,0.3434210244000795,0.5772564421468157,0.2996056908671577,1.322709708556523,0.4192486245754367,1.003998417505449,1,1.322709708556523,0.5226563110938391,2,14,0,0,0,2,2,2,8,24,41,46,0.6928506497595105,0,3,5,8,0.4425573583691559,0.5870227069771949,4,9,15
225,BD4 9DP,419073,431074,E02002234,53.775656,-1.712072,1.2715478756224636,0.3267736219464478,0.6074537019394975,0.28310098904805214,1.3192938863130985,0.41747042673876195,1.005305650158455,1,1.3192938863130985,0.5104323963580776,2,14,0,0,0,2,2,2,10,26,41,46,0.7187914647349491,0,3,5,8,0.4323420835261181,0.5775791711101818,4,9,15
226,BD4 9DR,419004,431158,E02002234,53.776413,-1.713113,1.3268708603326782,0.2620877715575452,0.7089464013590872,0.22220524296241537,1.3521525346439323,0.343405871236929,1.0576739043971168,2,1.3521525346439323,0.4918962652425183,1,13,0,0,0,2,2,2,10,20,44,62,0.8159466453074028,0,3,5,8,0.3892648929986199,0.541411379259812,5,7,19
227,BD4 9DS,418997,431177,E02002234,53.776584,-1.713218,1.32690341773619,0.2477579463912308,0.7291947613635195,0.20912142405785833,1.3622265295363845,0.3276043531786179,1.0716360272619825,2,1.3622265295363845,0.4824869342211953,1,13,0,0,0,2,2,2,9,18,44,62,0.8360510239061059,0,3,5,8,0.3802538165739063,0.5336785616885699,5,7,19
228,BD4 9DT,419080,431191,E02002234,53.776707,-1.711958,1.3750490900327885,0.20974508337503409,0.718672387113906,0.16624190205838935,1.3923110516976693,0.32143755631919524,1.0997737336227857,1,1.3923110516976693,0.47799103089729755,1,13,0,0,0,2,2,2,5,18,43,62,0.8324622639954433,0,3,4,8,0.3595439029360333,0.5381546326347082,4,7,19
229,BD4 9DU,419108,431178,E02002234,53.776589,-1.7115340000000001,1.3521556863024315,0.2210022624318584,0.6999407117749331,0.17710553351036726,1.3918628457881772,0.33925083722920174,1.0962199868101237,1,1.3918628457881772,0.48918146514874444,1,13,0,0,0,2,2,2,5,18,43,62,0.81563387314154,0,3,4,8,0.3653631602150692,0.5487499029990471,4,7,19
230,BD4 9DW,419000,431000,E02002234,53.774994,-1.713184,1.2405309347210975,0.41309805131469696,0.5648654707096195,0.37075540454587913,1.2592108249616465,0.4595245865522656,0.9347017548158713,1,1.2592108249616465,0.5184830500524884,3,14,0,0,0,2,2,0,14,28,40,46,0.6663463294278599,0,3,5,8,0.49444311903546956,0.573930361118653,6,9,15
231,BD4 9DX,419096,431224,E02002234,53.777003,-1.711713,1.3992587323293717,0.1753453734776028,0.7474122022017033,0.13152782975474583,1.4177101206763183,0.2968560102176458,1.1303833328676431,1,1.4177101206763183,0.4637249710448842,1,13,0,0,0,2,2,2,5,15,43,63,0.8627235709550777,0,3,4,8,0.3411449938824153,0.5292679321939882,4,7,19
232,BD4 9DY,419168,431213,E02002234,53.776917,-1.710625,1.3632387905279104,0.19574728606036917,0.7253151039375921,0.15479783590217353,1.4315223356502393,0.3331988456250633,1.141349635032075,2,1.4315223356502393,0.48861106690533385,1,13,0,0,0,2,2,2,5,15,43,63,0.8451593328947377,0,3,4,8,0.3496283701985834,0.5522885722333848,4,7,19
233,BD4 9DZ,419005,430975,E02002234,53.774784,-1.713113,1.216452629575028,0.4360963196359263,0.5402342084688825,0.3934444941792649,1.2468640603052639,0.46664983210782257,0.9168358866952302,1,1.2468640603052639,0.5145168102255385,3,14,0,0,0,2,2,0,15,28,40,46,0.6412158268831905,0,3,5,8,0.5121984238818053,0.5804366689091798,6,9,15
234,BD4 9EA,418714,431250,E02002234,53.777251,-1.717508,1.1011117472808971,0.26126126769961294,0.9266353112201153,0.14406942770761602,1.3531742449726778,0.36790544496669314,1.1008678847845463,1,1.3531742449726778,0.47736507593529226,0,14,0,0,0,1,2,1,9,23,43,73,0.9952153043992584,0,1,8,9,0.39320911021748173,0.521633694074266,5,7,22
235,BD4 9EB,418716,431172,E02002234,53.77655,-1.717483,1.0665960247441335,0.3378938442765875,0.8627635829124918,0.22095248357961492,1.3035494323642665,0.4154820617158727,1.047611747044372,1,1.3035494323642665,0.486881182840164,0,14,0,0,0,2,2,1,13,23,44,70,0.937739811808695,0,2,8,9,0.42795800575281134,0.5292535182832788,5,7,20
236,BD4 9ED,418855,431298,E02002234,53.777677,-1.715366,1.2477495261469698,0.27148664792214,0.8962700485902673,0.19770938268074179,1.4094640323484668,0.27818561438146694,1.145057440591757,2,1.4094640323484668,0.43427492560575837,0,14,0,0,0,2,2,3,5,21,45,72,0.9947859633283022,0,2,8,9,0.3456061304784302,0.5051272651399742,4,7,21
237,BD4 9EE,418904,431247,E02002234,53.777217,-1.714625,1.2685664665282563,0.25360007886434105,0.8292611168986522,0.22963529780934275,1.3856832598811093,0.29112978568484643,1.1151484681765464,2,1.3856832598811093,0.45136354590080363,0,14,0,0,0,2,2,3,6,20,45,72,0.9301712170488978,0,2,6,8,0.3760171743410579,0.51192388453249,5,8,20
238,BD4 9EF,418902,431176,E02002234,53.776579,-1.71466,1.2381463079943276,0.3029092273272639,0.766081588344218,0.2719153728643935,1.3400421200421664,0.3422820965912512,1.0579468954619833,2,1.3400421200421664,0.48634883847995003,1,13,0,0,0,2,2,2,10,23,42,65,0.8644300741131974,0,3,5,8,0.4078268382787041,0.5333677867268639,6,7,19
239,BD4 9EG,418811,431345,E02002234,53.778101,-1.716031,1.2328431692636295,0.22493121170707084,0.9579692061856686,0.13851353724455961,1.4333183039299153,0.27528607856979875,1.1686070937740365,2,1.4333183039299153,0.4260062021289108,0,14,0,0,0,1,2,3,8,24,45,72,1.0545710932297825,0,1,8,9,0.32162510976840253,0.5040128779526518,4,8,22
240,BD4 9EH,418989,431351,E02002234,53.778149,-1.713329,1.390967102414714,0.12738916751435342,0.8969085795107549,0.11767144938341813,1.4745620132379793,0.20932825982151917,1.2777048669560864,2,1.4745620132379793,0.4062435699881035,0,13,0,0,0,2,2,3,4,19,44,72,1.006579106717814,0,2,4,9,0.3263288183723917,0.48615573904196174,4,7,22
241,BD4 9EJ,419059,431311,E02002234,53.777787,-1.712269,1.4360868636680664,0.10023971268913334,0.8403005414731088,0.06488890506084788,1.4649391742238262,0.22097309386331584,1.1932791679111312,2,1.4649391742238262,0.4178547901398134,0,13,0,0,0,2,2,2,4,15,44,70,0.954066020506932,0,2,4,8,0.30962200549407853,0.49891750025189735,4,7,20
242,BD4 9EL,419039,431395,E02002234,53.778557,-1.712571,1.455745540951435,0.06676076692189807,0.9266461028893394,0.07849694261561217,1.5174493975360681,0.17907980214309188,1.3148509740395975,2,1.5174493975360681,0.38112573166192254,0,13,0,0,0,2,2,2,4,14,44,73,1.040077475147244,0,1,4,9,0.31504332237179467,0.46887834366525044,4,7,23
243,BD4 9EN,418974,431375,E02002234,53.778365,-1.713555,1.3890745408364473,0.1347664646712972,0.9242391465416296,0.13408493576832095,1.4876356249745801,0.20568449358189855,1.2832306768709953,2,1.4876356249745801,0.39313297978679973,0,14,0,0,0,2,2,3,4,18,45,72,1.033294529140956,0,1,4,9,0.32088111369742833,0.4788634497236168,4,8,22
244,BD4 9EP,418984,431522,E02002234,53.779686,-1.713395,1.4737855610637494,0.16070158679988197,1.063047035648,0.2070902460281557,1.5956437630640639,0.2225177397761602,1.354579300250819,2,1.5956437630640639,0.35333627459719086,0,16,0,0,0,1,2,4,8,14,54,81,1.1747122521824722,0,0,6,9,0.3144165383973232,0.4525496397457074,5,7,25
245,BD4 9EQ,418736,431125,E02002234,53.776127,-1.717182,1.0653165163461922,0.38799104371107945,0.8135170557523671,0.27085235830614435,1.2780635170759296,0.43877770280719425,1.0115023755176946,1,1.2780635170759296,0.4897052465567624,0,15,0,0,0,2,2,1,15,24,44,64,0.8934515028685225,0,3,8,8,0.4353915089062433,0.536130150737921,5,7,20
246,BD4 9ER,419057,431441,E02002234,53.778955,-1.712292,1.4936968501004435,0.05333854141237835,0.9678331467768605,0.09919158230415367,1.5546084451056834,0.17628595141061143,1.342773240537286,2,1.5546084451056834,0.3658669230257236,0,13,0,0,0,1,2,2,4,14,44,75,1.082731267769078,0,1,4,9,0.3272161974386275,0.461975663584691,4,6,24
247,BD4 9ES,418942,431434,E02002234,53.778896,-1.714037,1.3910217395856863,0.1622374802565671,0.9901459488378468,0.18253320245915813,1.5220822520702604,0.20985204183297446,1.299185841871813,2,1.5220822520702604,0.36966721876324765,0,14,0,0,0,1,2,3,7,18,45,75,1.0980981366658522,0,1,6,9,0.30532698776151324,0.46553886255582244,4,8,24
248,BD4 9ET,418971,431454,E02002234,53.779075,-1.713596,1.426200154256053,0.13792751719653332,1.0008096722154518,0.16783494868470716,1.5429569925056112,0.20262384362423966,1.3179198898596531,2,1.5429569925056112,0.36266112556670654,0,14,0,0,0,1,2,3,8,14,45,77,1.110868929713697,0,0,6,9,0.30854798932894456,0.45979964108720833,5,7,24
249,BD4 9EU,418856,431460,E02002234,53.779133,-1.715341,1.332992978226064,0.20901925748602815,1.0439851531511355,0.18940960904874915,1.52336010136413,0.2395240560251757,1.284965156115808,2,1.52336010136413,0.3677729617240742,0,17,0,0,0,1,2,3,8,18,48,78,1.1468703697336127,0,0,7,9,0.29398047213344164,0.4702216537678795,5,9,24
250,BD4 9EW,419125,431437,E02002234,53.778917,-1.71126,1.5513882428328458,0.0318276609256791,0.9528425893084335,0.08394146770223088,1.5702167768517477,0.18398367717370429,1.367964607902637,1,1.5702167768517477,0.381768542565817,0,13,0,0,0,2,2,2,4,10,44,73,1.0712649695103158,0,1,4,8,0.3225877297027813,0.4725086650730238,4,5,23
251,BD4 9EX,419040,431560,E02002234,53.780025,-1.712542,1.5414579721808799,0.1590125781188394,1.0878754524301024,0.2154520132187361,1.6372676465090044,0.23389993901026715,1.3937435040826085,2,1.6372676465090044,0.35823410564997443,0,15,0,0,0,1,2,4,8,13,58,84,1.2028220010669584,0,0,4,9,0.33940727626088263,0.4561067158875521,5,7,25
252,BD4 9EY,419078,431473,E02002234,53.779242000000004,-1.711971,1.527814674625161,0.06407807737440317,0.9954506517150914,0.12131928948029723,1.5830898566573235,0.19035379238938568,1.366026561101206,1,1.5830898566573235,0.365116894393395,0,13,0,0,0,1,2,2,5,14,44,74,1.1117032195103322,0,1,4,9,0.34033262015264393,0.46193034027836244,5,6,25
253,BD4 9HB,419145,431502,E02002234,53.7795,-1.710953,1.6003463625103118,0.09750897394599124,1.0151374291198212,0.15183599704947648,1.6226222678252609,0.22610857086429814,1.4075825974195844,1,1.6226222678252609,0.391761356443419,0,13,0,0,0,0,2,2,5,14,44,75,1.1347156926306339,0,0,4,9,0.35833730488582055,0.47605434374804934,5,6,25
254,BD4 9HD,419132,431638,E02002234,53.780723,-1.711142,1.6613124570651931,0.22586943130932968,1.151755616439529,0.2840379728135208,1.720138802841953,0.2744011300701923,1.470716558688825,1,1.720138802841953,0.3959767147212307,0,15,0,0,0,0,2,3,8,15,59,85,1.271159510070099,0,0,3,8,0.4063300460500804,0.4822020288097854,5,7,25
255,BD4 9HE,419183,431644,E02002234,53.780775,-1.710367,1.7070741284431643,0.24351591323771843,1.1537764081484765,0.2988313403912264,1.7391828737865573,0.2968886859723786,1.4961581177186414,1,1.7391828737865573,0.42340936082311004,0,14,0,0,0,0,2,3,8,14,57,84,1.2751029196825077,0,0,3,8,0.4195471140006697,0.49988068605974834,5,7,25
256,BD4 9HG,419119,431788,E02002234,53.782072,-1.71133,1.7396026212902744,0.2593819770146165,1.3023056476879764,0.3441772799009255,1.8332495448539088,0.3409697041714929,1.5133888108817999,1,1.8332495448539088,0.4180895277614415,0,17,0,0,0,0,2,3,13,17,56,88,1.4216006700733557,0,0,3,8,0.43273947161568305,0.5082023449516436,7,7,29
257,BD4 9HH,419155,431762,E02002234,53.781837,-1.710785,1.752166795713237,0.3029485269810908,1.273327923199676,0.385914498302409,1.822356350022113,0.34032397936694564,1.512567297449579,1,1.822356350022113,0.4297381594811883,0,17,0,0,0,0,2,3,13,17,60,87,1.3938222115528414,0,0,3,8,0.45270014599032343,0.5137492118286312,6,7,27
258,BD4 9HJ,419251,431689,E02002234,53.781177,-1.709333,1.7886150731781245,0.3122963336320169,1.1970066833564466,0.3637864346014324,1.7940609750376186,0.352608311178074,1.5514788006571378,1,1.7940609750376186,0.4724858304393408,0,14,0,0,0,0,2,2,6,14,56,84,1.3205299340700964,0,0,3,8,0.4519183835491092,0.5356037331335639,5,7,25
259,BD4 9HL,419196,431529,E02002234,53.779741,-1.710177,1.6567739737212193,0.14789861392183498,1.0382533409529682,0.19553406352861452,1.6573979759313193,0.26201627117944604,1.4433726701308958,1,1.6573979759313193,0.42300344986347993,0,13,0,0,0,0,2,2,5,13,43,78,1.1599697527619008,0,0,3,8,0.38193947031070113,0.49335532492769324,5,6,25
260,BD4 9HN,419107,431399,E02002234,53.778576,-1.711536,1.5178278822053521,0,0.9177412489367578,0.043901822285664444,1.5383786612792854,0.1609349573074225,1.3428934760405764,1,1.5383786612792854,0.37919460751577583,0,13,0,0,0,2,2,2,4,10,44,73,1.0350539173959017,0,1,4,8,0.30444045308966694,0.47170938930463824,4,5,23
261,BD4 9LB,418820,431167,E02002234,53.776501,-1.715905,1.159074837963445,0.3690433578863058,0.7987202263621473,0.2633040068058213,1.318164523818798,0.37371263415685657,1.0449301824752084,2,1.318164523818798,0.4843299796249928,1,14,0,0,0,2,2,3,14,24,43,67,0.8890347025081367,0,3,8,8,0.42835756485644805,0.5391199391767183,6,7,20
262,BD4 9PY,418686,430612,E02002234,53.771533,-1.717975,0.9346202865335077,0.19913939841224637,0.5731710041514662,0.24416592718886884,1.04827679463325,0.21938724165266066,0.7153727119737222,2,1.04827679463325,0.23065672487620759,3,11,0,0,1,2,2,9,24,28,34,44,0.5836473266787189,0,5,5,8,0.3299959656229602,0.4858535470708605,6,8,16
263,BD4 9SA,419235,430506,E02002234,53.77056,-1.709652,0.6970007173597457,0.013341664064126334,0.018439088914585774,0.2999661647586019,1.0946856707840378,0.19499563294518338,0.6526992953608658,3,1.0946856707840378,0.23582492916076048,3,11,0,1,1,2,2,12,18,23,30,40,0.14215571139337924,3,3,5,8,0.3386356888571406,0.4669868472577684,6,8,15
264,BD4 9SH,418866,430978,E02002234,53.774801,-1.715218,1.1424558984923578,0.48509998969284673,0.6175410917501766,0.44731730348821885,1.2189163388287003,0.5089447659696607,0.9056701363281688,0,1.2189163388287003,0.5280550363578096,3,14,0,0,0,2,2,0,18,28,42,46,0.7015038437808025,0,3,5,8,0.4884656253324045,0.5561064069506456,6,9,16
265,BD4 9SN,418612,430950,E02002234,53.774573,-1.719077,0.889685270193896,0.3211790777743781,0.7829361404354764,0.38640522770790775,1.164328041481261,0.3734619035062181,0.8970525192336091,1,1.164328041481261,0.41237212220080705,1,15,0,0,1,2,2,2,16,25,43,47,0.8115319224927892,0,4,8,8,0.41413245863248954,0.5378229042534408,4,7,17
266,BD4 9YJ,418866,430978,E02002234,53.774801,-1.715218,1.1424558984923578,0.48509998969284673,0.6175410917501766,0.44731730348821885,1.2189163388287003,0.5089447659696607,0.9056701363281688,0,1.2189163388287003,0.5280550363578096,3,14,0,0,0,2,2,0,18,28,42,46,0.7015038437808025,0,3,5,8,0.4884656253324045,0.5561064069506456,6,9,16
267,BD4 9YL,418866,430978,E02002234,53.774801,-1.715218,1.1424558984923578,0.48509998969284673,0.6175410917501766,0.44731730348821885,1.2189163388287003,0.5089447659696607,0.9056701363281688,0,1.2189163388287003,0.5280550363578096,3,14,0,0,0,2,2,0,18,28,42,46,0.7015038437808025,0,3,5,8,0.4884656253324045,0.5561064069506456,6,9,16
268,BD4 9YS,418866,430978,E02002234,53.774801,-1.715218,1.1424558984923578,0.48509998969284673,0.6175410917501766,0.44731730348821885,1.2189163388287003,0.5089447659696607,0.9056701363281688,0,1.2189163388287003,0.5280550363578096,3,14,0,0,0,2,2,0,18,28,42,46,0.7015038437808025,0,3,5,8,0.4884656253324045,0.5561064069506456,6,9,16
269,BD4 9YT,418866,430978,E02002234,53.774801,-1.715218,1.1424558984923578,0.48509998969284673,0.6175410917501766,0.44731730348821885,1.2189163388287003,0.5089447659696607,0.9056701363281688,0,1.2189163388287003,0.5280550363578096,3,14,0,0,0,2,2,0,18,28,42,46,0.7015038437808025,0,3,5,8,0.4884656253324045,0.5561064069506456,6,9,16
